	Sample	CNV
1	HG00276_PyPGx	Normal
2	HG00436_PyPGx	Normal
3	HG00589_PyPGx	Normal
4	HG01190_PyPGx	Normal
5	NA06991_PyPGx	Normal
6	NA07000_PyPGx	Normal
7	NA07019_PyPGx	Normal
8	NA07029_PyPGx	Normal
9	NA07055_PyPGx	Normal
10	NA07056_PyPGx	Normal
11	NA07348_PyPGx	Normal
12	NA07357_PyPGx	Normal
13	NA10831_PyPGx	Normal
14	NA10847_PyPGx	Normal
15	NA10851_PyPGx	Normal
16	NA10854_PyPGx	Normal
17	NA11832_PyPGx	Normal
18	NA11839_PyPGx	Normal
19	NA11993_PyPGx	Normal
20	NA12003_PyPGx	Normal
21	NA12006_PyPGx	Normal
22	NA12145_PyPGx	Normal
23	NA12156_PyPGx	Normal
24	NA12717_PyPGx	Normal
25	NA12813_PyPGx	Normal
26	NA12873_PyPGx	Normal
27	NA18484_PyPGx	Normal
28	NA18509_PyPGx	Normal
29	NA18518_PyPGx	Normal
30	NA18519_PyPGx	Normal
31	NA18524_PyPGx	Normal
32	NA18526_PyPGx	Normal
33	NA18540_PyPGx	Normal
34	NA18544_PyPGx	Normal
35	NA18552_PyPGx	Normal
36	NA18564_PyPGx	Normal
37	NA18565_PyPGx	Normal
38	NA18617_PyPGx	Normal
39	NA18855_PyPGx	Normal
40	NA18861_PyPGx	Normal
41	NA18868_PyPGx	Normal
42	NA18942_PyPGx	Normal
43	NA18952_PyPGx	Normal
44	NA18959_PyPGx	Normal
45	NA18966_PyPGx	Normal
46	NA18973_PyPGx	Normal
47	NA18980_PyPGx	Normal
48	NA18992_PyPGx	Normal
49	NA19003_PyPGx	Normal
50	NA19178_PyPGx	Hybrid
51	NA18507_NYGC	Hybrid
52	NA18871_NYGC	Hybrid
53	NA19190_NYGC	Duplication
54	Hybrid_1	Hybrid
55	Hybrid_2	Hybrid
56	Duplication_1	Duplication
57	Duplication_2	Duplication
58	NA19451_NYGC	Duplication
59	NA19452_NYGC	Duplication
60	NA19472_NYGC	Duplication
61	NA20334_NYGC	Duplication
62	HG01177_NYGC	Hybrid
63	HG01806_NYGC	Tandem
64	Tandem_1	Tandem
65	Tandem_2	Tandem
66	Tandem_3	Tandem
67	Tandem_4	Tandem
68	Tandem_5	Tandem
69	HG03784_NYGC	PartialDup
70	PartialDup_1	PartialDup
71	PartialDup_2	PartialDup
72	PartialDup_3	PartialDup
73	PartialDup_4	PartialDup
74	PartialDup_5	PartialDup
75	HG02799_NYGC	Duplication
76	HG02813_NYGC	Duplication
77	HG02953_NYGC	Duplication
78	HG03436_NYGC	Duplication
79	HG03028_NYGC	Hybrid
80	HG03196_NYGC	Hybrid
81	HG03235_NYGC	PseudogeneDel
82	PseudogeneDel_1	PseudogeneDel
83	PseudogeneDel_2	PseudogeneDel
84	PseudogeneDel_3	PseudogeneDel
85	PseudogeneDel_4	PseudogeneDel
86	PseudogeneDel_5	PseudogeneDel
87	HG02790_NYGC	PartialDup2
88	PartialDup2_1	PartialDup2
89	PartialDup2_2	PartialDup2
90	PartialDup2_3	PartialDup2
91	PartialDup2_4	PartialDup2
92	PartialDup2_5	PartialDup2
93	HG01886_NYGC	Hybrid
94	HG02470_NYGC	Hybrid
95	HG02600_NYGC	PartialDup2