	CNV
HG00276_PyPGx	Normal
HG00436_PyPGx	Normal
HG00589_PyPGx	Normal
HG01190_PyPGx	Normal
NA06991_PyPGx	Normal
NA07000_PyPGx	Normal
NA07019_PyPGx	Normal
NA07029_PyPGx	Normal
NA07055_PyPGx	Normal
NA07056_PyPGx	Normal
NA07348_PyPGx	Normal
NA07357_PyPGx	Normal
NA10831_PyPGx	Normal
NA10847_PyPGx	Normal
NA10851_PyPGx	Normal
NA10854_PyPGx	Normal
NA11832_PyPGx	Normal
NA11839_PyPGx	Normal
NA11993_PyPGx	Normal
NA12003_PyPGx	Normal
NA12006_PyPGx	Normal
NA12145_PyPGx	Normal
NA12156_PyPGx	Normal
NA12717_PyPGx	Normal
NA12813_PyPGx	Normal
NA12873_PyPGx	Normal
NA18484_PyPGx	Normal
NA18509_PyPGx	Normal
NA18518_PyPGx	Normal
NA18519_PyPGx	Normal
NA18524_PyPGx	Normal
NA18526_PyPGx	Normal
NA18540_PyPGx	Normal
NA18544_PyPGx	Normal
NA18552_PyPGx	Normal
NA18564_PyPGx	Normal
NA18565_PyPGx	Normal
NA18617_PyPGx	Normal
NA18855_PyPGx	Normal
NA18861_PyPGx	Normal
NA18868_PyPGx	Normal
NA18942_PyPGx	Normal
NA18952_PyPGx	Normal
NA18959_PyPGx	Normal
NA18966_PyPGx	Normal
NA18973_PyPGx	Normal
NA18980_PyPGx	Normal
NA18992_PyPGx	Normal
NA19003_PyPGx	Normal
NA19178_PyPGx	Hybrid1
NA18507_NYGC	Hybrid1
NA18871_NYGC	Hybrid1
NA19190_NYGC	WholeDup1
Hybrid1_1	Hybrid1
Hybrid1_2	Hybrid1
WholeDup1_1	WholeDup1
WholeDup1_2	WholeDup1
NA19451_NYGC	WholeDup1
NA19452_NYGC	WholeDup1
NA19472_NYGC	WholeDup1
NA20334_NYGC	WholeDup1
HG01177_NYGC	Hybrid1
HG01806_NYGC	Tandem1
Tandem1_1	Tandem1
Tandem1_2	Tandem1
Tandem1_3	Tandem1
Tandem1_4	Tandem1
Tandem1_5	Tandem1
HG03784_NYGC	PartialDup1
PartialDup1_1	PartialDup1
PartialDup1_2	PartialDup1
PartialDup1_3	PartialDup1
PartialDup1_4	PartialDup1
PartialDup1_5	PartialDup1
HG02799_NYGC	WholeDup1
HG02813_NYGC	WholeDup1
HG02953_NYGC	WholeDup1
HG03436_NYGC	WholeDup1
HG03028_NYGC	Hybrid1
HG03196_NYGC	Hybrid1
HG03235_NYGC	ParalogWholeDel1
ParalogWholeDel1_1	ParalogWholeDel1
ParalogWholeDel1_2	ParalogWholeDel1
ParalogWholeDel1_3	ParalogWholeDel1
ParalogWholeDel1_4	ParalogWholeDel1
ParalogWholeDel1_5	ParalogWholeDel1
HG02790_NYGC	PartialDup2
PartialDup2_1	PartialDup2
PartialDup2_2	PartialDup2
PartialDup2_3	PartialDup2
PartialDup2_4	PartialDup2
PartialDup2_5	PartialDup2
HG01886_NYGC	Hybrid1
HG02470_NYGC	Hybrid1
HG02600_NYGC	PartialDup2
HG02780_NYGC	PartialDup2
HG03640_NYGC	PartialDup2
HG04235_NYGC	PartialDup2
HG03091_NYGC	WholeDup1
HG03432_NYGC	WholeDup1