	Sample	CNV
1	NA18855_PyPGx	Normal
2	NA18617_PyPGx	Deletion1Het
3	NA19908_PyPGx	Normal
4	NA18973_PyPGx	Deletion1Hom
5	NA12003_PyPGx	Normal
6	NA18519_PyPGx	Normal
7	NA19917_PyPGx	Normal
8	NA19920_PyPGx	Normal
9	NA18868_PyPGx	Normal
10	NA12813_PyPGx	Normal
11	NA20296_PyPGx	Normal
12	NA12717_PyPGx	Normal
13	NA18484_PyPGx	Normal
14	NA19178_PyPGx	Normal
15	NA18564_PyPGx	Normal
16	NA12145_PyPGx	Normal
17	NA18861_PyPGx	Duplication
18	HG00436_PyPGx	Hybrid
19	NA18552_PyPGx	Normal
20	NA12006_PyPGx	Normal
21	NA19239_PyPGx	Normal
22	NA12156_PyPGx	Normal
23	NA19147_PyPGx	Normal
24	NA19095_PyPGx	Normal
25	NA18980_PyPGx	Normal
26	NA19207_PyPGx	Normal
27	NA18526_PyPGx	Normal
28	NA18959_PyPGx	Deletion1Het
29	NA19109_PyPGx	Normal
30	NA18952_PyPGx	Deletion1Hom
31	NA19789_PyPGx	Normal
32	NA19122_PyPGx	Normal
33	NA19819_PyPGx	Normal
34	NA19213_PyPGx	Normal
35	NA19174_PyPGx	Normal
36	NA20509_PyPGx	Normal
37	NA18992_PyPGx	Normal
38	NA18565_PyPGx	Deletion1Het
39	NA18524_PyPGx	Normal
40	NA18942_PyPGx	Deletion1Het
41	NA19176_PyPGx	Normal
42	NA18509_PyPGx	Normal
43	NA19226_PyPGx	Normal
44	NA12873_PyPGx	Normal
45	NA19143_PyPGx	Normal
46	NA18518_PyPGx	Normal
47	NA21781_PyPGx	Normal
48	NA19003_PyPGx	Normal
49	NA18544_PyPGx	Normal
50	NA18540_PyPGx	Normal
51	4704_PyPGx	Deletion1Hom
52	4744_PyPGx	Deletion1Hom
53	4802_PyPGx	Deletion1Hom
54	4803_PyPGx	Deletion1Hom
55	4815_PyPGx	Deletion1Hom
56	4701_PyPGx	Deletion1Het
57	4703_PyPGx	Deletion1Het
58	4705_PyPGx	Deletion1Het
59	4712_PyPGx	Deletion1Het
60	4721_PyPGx	Deletion1Het
61	4725_PyPGx	Deletion1Het
62	4738_PyPGx	Deletion2Het
63	4742_PyPGx	Deletion1Het
64	4743_PyPGx	Deletion1Het
65	4746_PyPGx	Deletion1Het
66	4755_PyPGx	Deletion1Het
67	4760_PyPGx	Deletion1Het
68	4763_PyPGx	Deletion1Het
69	4767_PyPGx	Deletion1Het
70	4771_PyPGx	Deletion1Het
71	4783_PyPGx	Deletion1Het
72	4797_PyPGx	Deletion1Het
73	4798_PyPGx	Deletion1Het
74	4801_PyPGx	Deletion1Het
75	4814_PyPGx	Deletion1Het
76	4821_PyPGx	Deletion1Het
77	4830_PyPGx	Deletion1Het
78	4831_PyPGx	Deletion1Het
79	4832_PyPGx	Deletion1Het
80	4833_PyPGx	Deletion1Het
81	4839_PyPGx	Deletion1Het
82	4841_PyPGx	Deletion1Het
83	4846_PyPGx	Deletion1Het
84	4852_PyPGx	Deletion1Het
85	4853_PyPGx	Deletion1Het
86	4858_PyPGx	Deletion1Het
87	4859_PyPGx	Deletion1Het
88	4863_PyPGx	Deletion1Het
89	4866_PyPGx	Deletion1Het
90	4871_PyPGx	Deletion1Het
91	4878_PyPGx	Deletion1Het
92	4899_PyPGx	Deletion1Het
93	4922_PyPGx	Deletion1Het
94	4933_PyPGx	Deletion1Het
95	4935_PyPGx	Deletion1Het
96	4939_PyPGx	Deletion1Het
97	4945_PyPGx	Deletion1Het
98	4947_PyPGx	Deletion1Het
99	4962_PyPGx	Deletion1Het
100	4963_PyPGx	Deletion1Het
101	4970_PyPGx	Deletion1Het
102	4979_PyPGx	Deletion1Het
103	4982_PyPGx	Deletion1Het
104	Deletion2Het_1	Deletion2Het
105	Deletion2Het_2	Deletion2Het
106	Deletion2Het_3	Deletion2Het
107	Deletion2Het_4	Deletion2Het
108	Deletion2Het_5	Deletion2Het