	Sample	CNV
1	NA18855_PyPGx	Normal
2	NA18617_PyPGx	DeletionHet
3	NA19908_PyPGx	Normal
4	NA18973_PyPGx	DeletionHom
5	NA12003_PyPGx	Normal
6	NA18519_PyPGx	Normal
7	NA19917_PyPGx	Normal
8	NA19920_PyPGx	Normal
9	NA18868_PyPGx	Normal
10	NA12813_PyPGx	Normal
11	NA20296_PyPGx	Normal
12	NA12717_PyPGx	Normal
13	NA18484_PyPGx	Normal
14	NA19178_PyPGx	Normal
15	NA18564_PyPGx	Normal
16	NA12145_PyPGx	Normal
17	NA18861_PyPGx	Duplication
18	HG00436_PyPGx	Hybrid
19	NA18552_PyPGx	Normal
20	NA12006_PyPGx	Normal
21	NA19239_PyPGx	Normal
22	NA12156_PyPGx	Normal
23	NA19147_PyPGx	Normal
24	NA19095_PyPGx	Normal
25	NA18980_PyPGx	Normal
26	NA19207_PyPGx	Normal
27	NA18526_PyPGx	Normal
28	NA18959_PyPGx	DeletionHet
29	NA19109_PyPGx	Normal
30	NA18952_PyPGx	DeletionHom
31	NA19789_PyPGx	Normal
32	NA19122_PyPGx	Normal
33	NA19819_PyPGx	Normal
34	NA19213_PyPGx	Normal
35	NA19174_PyPGx	Normal
36	NA20509_PyPGx	Normal
37	NA18992_PyPGx	Normal
38	NA18565_PyPGx	DeletionHet
39	NA18524_PyPGx	Normal
40	NA18942_PyPGx	DeletionHet
41	NA19176_PyPGx	Normal
42	NA18509_PyPGx	Normal
43	NA19226_PyPGx	Normal
44	NA12873_PyPGx	Normal
45	NA19143_PyPGx	Normal
46	NA18518_PyPGx	Normal
47	NA21781_PyPGx	Normal
48	NA19003_PyPGx	Normal
49	NA18544_PyPGx	Normal
50	NA18540_PyPGx	Normal