	Sample	CNV
1	NA07029_PyPGx	DeletionHet
2	NA07055_PyPGx	DeletionHet
3	NA07348_PyPGx	DeletionHet
4	NA10847_PyPGx	DeletionHet
5	NA12006_PyPGx	DeletionHet
6	NA12717_PyPGx	DeletionHet
7	NA18484_PyPGx	DeletionHet
8	NA18518_PyPGx	DeletionHet
9	NA18544_PyPGx	DeletionHet
10	NA18552_PyPGx	DeletionHet
11	NA18855_PyPGx	DeletionHet
12	NA18942_PyPGx	DeletionHet
13	NA18980_PyPGx	DeletionHet
14	NA18992_PyPGx	DeletionHet
15	NA19122_PyPGx	DeletionHet
16	NA19143_PyPGx	DeletionHet
17	HG00276_PyPGx	DeletionHom
18	HG00436_PyPGx	DeletionHom
19	HG00589_PyPGx	DeletionHom
20	HG01190_PyPGx	DeletionHom
21	NA07019_PyPGx	DeletionHom
22	NA07056_PyPGx	DeletionHom
23	NA07357_PyPGx	DeletionHom
24	NA10831_PyPGx	DeletionHom
25	NA10851_PyPGx	DeletionHom
26	NA10854_PyPGx	DeletionHom
27	NA11832_PyPGx	DeletionHom
28	NA11839_PyPGx	DeletionHom
29	NA11993_PyPGx	DeletionHom
30	NA12003_PyPGx	DeletionHom
31	NA12145_PyPGx	DeletionHom
32	NA12156_PyPGx	DeletionHom
33	NA12813_PyPGx	DeletionHom
34	NA12873_PyPGx	DeletionHom
35	NA18509_PyPGx	DeletionHom
36	NA18524_PyPGx	DeletionHom
37	NA18526_PyPGx	DeletionHom
38	NA06991_PyPGx	Normal
39	NA07000_PyPGx	Normal
40	NA18519_PyPGx	Normal
41	NA18540_PyPGx	Normal
42	NA18861_PyPGx	Normal
43	NA18868_PyPGx	Normal
44	NA18959_PyPGx	Normal
45	NA18973_PyPGx	Normal
46	NA19095_PyPGx	Normal
47	NA19109_PyPGx	Normal
48	NA19147_PyPGx	Normal
49	NA19178_PyPGx	Normal
50	NA19226_PyPGx	Normal
51	NA19908_PyPGx	Duplication
52	Duplication_1	Duplication
53	Duplication_2	Duplication
54	Duplication_3	Duplication
55	Duplication_4	Duplication
56	Duplication_5	Duplication
57	NA12775_NYGC	DeletionHet
58	NA12778_NYGC	DeletionHet
59	NA12878_NYGC	DeletionHet
60	NA12890_NYGC	DeletionHet
61	NA18486_NYGC	DeletionHet
62	NA18489_NYGC	DeletionHet
63	NA18499_NYGC	DeletionHet
64	NA18502_NYGC	DeletionHet
65	NA18516_NYGC	DeletionHet
66	NA18520_NYGC	DeletionHet
67	NA18522_NYGC	DeletionHet
68	NA18530_NYGC	DeletionHet
69	NA18534_NYGC	DeletionHet
70	NA18537_NYGC	DeletionHet
71	NA18542_NYGC	DeletionHet
72	NA18543_NYGC	DeletionHet
73	NA18544_NYGC	DeletionHet
74	NA18545_NYGC	DeletionHet
75	NA18546_NYGC	DeletionHet
76	NA18547_NYGC	DeletionHet
77	NA18549_NYGC	DeletionHet
78	NA18550_NYGC	DeletionHet
79	NA18552_NYGC	DeletionHet
80	NA18557_NYGC	DeletionHet
81	NA18563_NYGC	DeletionHet
82	NA18566_NYGC	DeletionHet
83	NA18570_NYGC	DeletionHet
84	NA18577_NYGC	DeletionHet
85	NA18579_NYGC	DeletionHet
86	NA18595_NYGC	DeletionHet
87	NA18596_NYGC	DeletionHet
88	NA18597_NYGC	DeletionHet
89	NA18605_NYGC	DeletionHet
90	NA18608_NYGC	DeletionHet
91	NA18611_NYGC	DeletionHet
92	NA18612_NYGC	DeletionHet
93	NA18613_NYGC	DeletionHet
94	NA18614_NYGC	DeletionHet
95	NA18616_NYGC	DeletionHet
96	NA18619_NYGC	DeletionHet
97	NA18623_NYGC	DeletionHet
98	NA18624_NYGC	DeletionHet
99	NA18625_NYGC	DeletionHet
100	NA18626_NYGC	DeletionHet
101	NA18853_NYGC	DeletionHet
102	NA18870_NYGC	DeletionHet
103	NA18909_NYGC	DeletionHet
104	NA18912_NYGC	DeletionHet
105	NA18940_NYGC	DeletionHet
106	NA18942_NYGC	DeletionHet
107	NA06984_NYGC	"DeletionHet,UpstreamDeletionHet"
108	NA18572_NYGC	"DeletionHet,UpstreamDeletionHet"
109	NA18582_NYGC	"DeletionHet,UpstreamDeletionHet"
110	NA18943_NYGC	"DeletionHet,UpstreamDeletionHet"
111	NA12828_NYGC	DeletionHom
112	NA12829_NYGC	DeletionHom
113	NA12842_NYGC	DeletionHom
114	NA12843_NYGC	DeletionHom
115	NA12872_NYGC	DeletionHom
116	NA12873_NYGC	DeletionHom
117	NA12874_NYGC	DeletionHom
118	NA12889_NYGC	DeletionHom
119	NA18488_NYGC	DeletionHom
120	NA18504_NYGC	DeletionHom
121	NA18505_NYGC	DeletionHom
122	NA18507_NYGC	DeletionHom
123	NA18508_NYGC	DeletionHom
124	NA18510_NYGC	DeletionHom
125	NA18511_NYGC	DeletionHom
126	NA18523_NYGC	DeletionHom
127	NA18526_NYGC	DeletionHom
128	NA18532_NYGC	DeletionHom
129	NA18536_NYGC	DeletionHom
130	NA18548_NYGC	DeletionHom
131	NA18555_NYGC	DeletionHom
132	NA18558_NYGC	DeletionHom
133	NA18559_NYGC	DeletionHom
134	NA18561_NYGC	DeletionHom
135	NA18562_NYGC	DeletionHom
136	NA18564_NYGC	DeletionHom
137	NA18571_NYGC	DeletionHom
138	NA18573_NYGC	DeletionHom
139	NA18592_NYGC	DeletionHom
140	NA18593_NYGC	DeletionHom
141	NA18599_NYGC	DeletionHom
142	NA18602_NYGC	DeletionHom
143	NA18603_NYGC	DeletionHom
144	NA18606_NYGC	DeletionHom
145	NA18609_NYGC	DeletionHom
146	NA18610_NYGC	DeletionHom
147	NA18615_NYGC	DeletionHom
148	NA18617_NYGC	DeletionHom
149	NA18618_NYGC	DeletionHom
150	NA18620_NYGC	DeletionHom
151	NA18622_NYGC	DeletionHom
152	NA18627_NYGC	DeletionHom
153	NA18628_NYGC	DeletionHom
154	NA18638_NYGC	DeletionHom
155	NA18944_NYGC	DeletionHom
156	NA18945_NYGC	DeletionHom
157	NA18949_NYGC	DeletionHom
158	NA18952_NYGC	DeletionHom
159	NA18953_NYGC	DeletionHom
160	NA18956_NYGC	DeletionHom
161	NA11894_NYGC	Duplication
162	NA19098_NYGC	Duplication
163	NA07000_NYGC	Normal
164	NA07051_NYGC	Normal
165	NA11829_NYGC	Normal
166	NA12347_NYGC	Normal
167	NA12815_NYGC	Normal
168	NA18498_NYGC	Normal
169	NA18501_NYGC	Normal
170	NA18517_NYGC	Normal
171	NA18519_NYGC	Normal
172	NA18621_NYGC	Normal
173	NA18856_NYGC	Normal
174	NA18858_NYGC	Normal
175	NA18861_NYGC	Normal
176	NA18871_NYGC	Normal
177	NA18907_NYGC	Normal
178	NA18916_NYGC	Normal
179	NA18959_NYGC	Normal
180	NA18972_NYGC	Normal
181	NA18973_NYGC	Normal
182	NA19099_NYGC	Normal
183	NA19108_NYGC	Normal
184	NA19114_NYGC	Normal
185	NA19141_NYGC	Normal
186	NA19005_NYGC	UpstreamDeletionHet
187	UpstreamDeletionHet_1	UpstreamDeletionHet
188	UpstreamDeletionHet_2	UpstreamDeletionHet
189	UpstreamDeletionHet_3	UpstreamDeletionHet
190	UpstreamDeletionHet_4	UpstreamDeletionHet
191	UpstreamDeletionHet_5	UpstreamDeletionHet
192	NA18640_NYGC	"DeletionHet,UpstreamDeletionHet"
193	NA18646_NYGC	"DeletionHet,UpstreamDeletionHet"
194	NA18941_NYGC	"DeletionHet,UpstreamDeletionHet"
195	NA19090_NYGC	"DeletionHet,UpstreamDeletionHet"
196	NA18541_NYGC	UpstreamDeletionHet
197	NA19001_NYGC	UpstreamDeletionHet
198	NA19066_NYGC	UpstreamDeletionHet
199	NA19908_NYGC	PartialDuplication
200	PartialDuplication_1	PartialDuplication
201	PartialDuplication_2	PartialDuplication
202	PartialDuplication_3	PartialDuplication
203	PartialDuplication_4	PartialDuplication
204	PartialDuplication_5	PartialDuplication
205	NA20755_NYGC	Duplication
206	NA20506_NYGC	"DeletionHet,Deletion2"
207	"DeletionHet,Deletion2_1"	"DeletionHet,Deletion2"
208	"DeletionHet,Deletion2_2"	"DeletionHet,Deletion2"
209	"DeletionHet,Deletion2_3"	"DeletionHet,Deletion2"
210	"DeletionHet,Deletion2_4"	"DeletionHet,Deletion2"
211	"DeletionHet,Deletion2_5"	"DeletionHet,Deletion2"
212	NA20895_NYGC	"DeletionHet,Deletion2"
213	NA21094_NYGC	Duplication
214	NA21088_NYGC	UpstreamDeletionHet
215	HG00242_NYGC	"Normal,Deletion2"
216	NA21097_NYGC	"Normal,Deletion2"
217	"Normal,Deletion2_1"	"Normal,Deletion2"
218	"Normal,Deletion2_2"	"Normal,Deletion2"
219	"Normal,Deletion2_3"	"Normal,Deletion2"
220	"Normal,Deletion2_4"	"Normal,Deletion2"
221	"Normal,Deletion2_5"	"Normal,Deletion2"
222	HG01137_NYGC	"DeletionHet,Deletion2"
223	HG00653_NYGC	"DeletionHet,UpstreamDeletionHet"
224	HG01344_NYGC	Duplication