	Sample	CNV
1	NA07029_PyPGx	DeletionHet
2	NA07055_PyPGx	DeletionHet
3	NA07348_PyPGx	DeletionHet
4	NA10847_PyPGx	DeletionHet
5	NA12006_PyPGx	DeletionHet
6	NA12717_PyPGx	DeletionHet
7	NA18484_PyPGx	DeletionHet
8	NA18518_PyPGx	DeletionHet
9	NA18544_PyPGx	DeletionHet
10	NA18552_PyPGx	DeletionHet
11	NA18855_PyPGx	DeletionHet
12	NA18942_PyPGx	DeletionHet
13	NA18980_PyPGx	DeletionHet
14	NA18992_PyPGx	DeletionHet
15	NA19122_PyPGx	DeletionHet
16	NA19143_PyPGx	DeletionHet
17	HG00276_PyPGx	DeletionHom
18	HG00436_PyPGx	DeletionHom
19	HG00589_PyPGx	DeletionHom
20	HG01190_PyPGx	DeletionHom
21	NA07019_PyPGx	DeletionHom
22	NA07056_PyPGx	DeletionHom
23	NA07357_PyPGx	DeletionHom
24	NA10831_PyPGx	DeletionHom
25	NA10851_PyPGx	DeletionHom
26	NA10854_PyPGx	DeletionHom
27	NA11832_PyPGx	DeletionHom
28	NA11839_PyPGx	DeletionHom
29	NA11993_PyPGx	DeletionHom
30	NA12003_PyPGx	DeletionHom
31	NA12145_PyPGx	DeletionHom
32	NA12156_PyPGx	DeletionHom
33	NA12813_PyPGx	DeletionHom
34	NA12873_PyPGx	DeletionHom
35	NA18509_PyPGx	DeletionHom
36	NA18524_PyPGx	DeletionHom
37	NA18526_PyPGx	DeletionHom
38	NA06991_PyPGx	Normal
39	NA07000_PyPGx	Normal
40	NA18519_PyPGx	Normal
41	NA18540_PyPGx	Normal
42	NA18861_PyPGx	Normal
43	NA18868_PyPGx	Normal
44	NA18959_PyPGx	Normal
45	NA18973_PyPGx	Normal
46	NA19095_PyPGx	Normal
47	NA19109_PyPGx	Normal
48	NA19147_PyPGx	Normal
49	NA19178_PyPGx	Normal
50	NA19226_PyPGx	Normal
51	NA19908_PyPGx	Duplication
52	Duplication_1	Duplication
53	Duplication_2	Duplication
54	Duplication_3	Duplication
55	Duplication_4	Duplication
56	Duplication_5	Duplication