	Sample	CNV
1	NA10831_PyPGx	DeletionHom
2	NA18855_PyPGx	DeletionHet
3	NA18617_PyPGx	DeletionHom
4	NA19908_PyPGx	Duplication
5	NA18973_PyPGx	Normal
6	NA12003_PyPGx	DeletionHom
7	NA18519_PyPGx	Normal
8	HG00276_PyPGx	DeletionHom
9	NA11993_PyPGx	DeletionHom
10	NA19917_PyPGx	Normal
11	NA19920_PyPGx	DeletionHet
12	NA11832_PyPGx	DeletionHom
13	NA07029_PyPGx	DeletionHet
14	NA18868_PyPGx	Normal
15	NA12813_PyPGx	DeletionHom
16	HG00589_PyPGx	DeletionHom
17	NA20296_PyPGx	DeletionHet
18	NA12717_PyPGx	DeletionHet
19	NA07056_PyPGx	DeletionHom
20	NA18484_PyPGx	DeletionHet
21	NA19178_PyPGx	Normal
22	NA18564_PyPGx	DeletionHom
23	NA12145_PyPGx	DeletionHom
24	NA18861_PyPGx	Normal
25	HG00436_PyPGx	DeletionHom
26	NA18552_PyPGx	DeletionHet
27	NA07000_PyPGx	Normal
28	NA12006_PyPGx	DeletionHet
29	NA19007_PyPGx	DeletionHom
30	NA19239_PyPGx	Normal
31	NA12156_PyPGx	DeletionHom
32	NA19147_PyPGx	Normal
33	NA19095_PyPGx	Normal
34	NA10854_PyPGx	DeletionHom
35	NA18980_PyPGx	DeletionHet
36	NA19207_PyPGx	DeletionHom
37	NA18526_PyPGx	DeletionHom
38	NA18952_PyPGx	DeletionHom
39	NA19789_PyPGx	DeletionHet
40	HG01190_PyPGx	DeletionHom
41	NA19122_PyPGx	DeletionHet
42	NA19213_PyPGx	DeletionHet
43	NA07055_PyPGx	DeletionHet
44	NA19174_PyPGx	DeletionHom
45	NA18992_PyPGx	DeletionHet
46	NA18565_PyPGx	DeletionHom
47	NA18524_PyPGx	DeletionHom
48	NA18942_PyPGx	DeletionHet
49	NA11839_PyPGx	DeletionHom
50	NA10851_PyPGx	DeletionHom