	CNV
NA07029_PyPGx	WholeDel1
NA07055_PyPGx	WholeDel1
NA07348_PyPGx	WholeDel1
NA10847_PyPGx	WholeDel1
NA12006_PyPGx	WholeDel1
NA12717_PyPGx	WholeDel1
NA18484_PyPGx	WholeDel1
NA18518_PyPGx	WholeDel1
NA18544_PyPGx	WholeDel1
NA18552_PyPGx	WholeDel1
NA18855_PyPGx	WholeDel1
NA18942_PyPGx	WholeDel1
NA18980_PyPGx	WholeDel1
NA18992_PyPGx	WholeDel1
NA19122_PyPGx	WholeDel1
NA19143_PyPGx	WholeDel1
HG00276_PyPGx	WholeDel1Hom
HG00436_PyPGx	WholeDel1Hom
HG00589_PyPGx	WholeDel1Hom
HG01190_PyPGx	WholeDel1Hom
NA07019_PyPGx	WholeDel1Hom
NA07056_PyPGx	WholeDel1Hom
NA07357_PyPGx	WholeDel1Hom
NA10831_PyPGx	WholeDel1Hom
NA10851_PyPGx	WholeDel1Hom
NA10854_PyPGx	WholeDel1Hom
NA11832_PyPGx	WholeDel1Hom
NA11839_PyPGx	WholeDel1Hom
NA11993_PyPGx	WholeDel1Hom
NA12003_PyPGx	WholeDel1Hom
NA12145_PyPGx	WholeDel1Hom
NA12156_PyPGx	WholeDel1Hom
NA12813_PyPGx	WholeDel1Hom
NA12873_PyPGx	WholeDel1Hom
NA18509_PyPGx	WholeDel1Hom
NA18524_PyPGx	WholeDel1Hom
NA18526_PyPGx	WholeDel1Hom
NA06991_PyPGx	Normal
NA07000_PyPGx	Normal
NA18519_PyPGx	Normal
NA18540_PyPGx	Normal
NA18861_PyPGx	Normal
NA18868_PyPGx	Normal
NA18959_PyPGx	Normal
NA18973_PyPGx	Normal
NA19095_PyPGx	Normal
NA19109_PyPGx	Normal
NA19147_PyPGx	Normal
NA19178_PyPGx	Normal
NA19226_PyPGx	Normal
NA19908_PyPGx	WholeDup1
WholeDup1_1	WholeDup1
WholeDup1_2	WholeDup1
WholeDup1_3	WholeDup1
WholeDup1_4	WholeDup1
WholeDup1_5	WholeDup1
NA12775_NYGC	WholeDel1
NA12778_NYGC	WholeDel1
NA12878_NYGC	WholeDel1
NA12890_NYGC	WholeDel1
NA18486_NYGC	WholeDel1
NA18489_NYGC	WholeDel1
NA18499_NYGC	WholeDel1
NA18502_NYGC	WholeDel1
NA18516_NYGC	WholeDel1
NA18520_NYGC	WholeDel1
NA18522_NYGC	WholeDel1
NA18530_NYGC	WholeDel1
NA18534_NYGC	WholeDel1
NA18537_NYGC	WholeDel1
NA18542_NYGC	WholeDel1
NA18543_NYGC	WholeDel1
NA18544_NYGC	WholeDel1
NA18545_NYGC	WholeDel1
NA18546_NYGC	WholeDel1
NA18547_NYGC	WholeDel1
NA18549_NYGC	WholeDel1
NA18550_NYGC	WholeDel1
NA18552_NYGC	WholeDel1
NA18557_NYGC	WholeDel1
NA18563_NYGC	WholeDel1
NA18566_NYGC	WholeDel1
NA18570_NYGC	WholeDel1
NA18577_NYGC	WholeDel1
NA18579_NYGC	WholeDel1
NA18595_NYGC	WholeDel1
NA18596_NYGC	WholeDel1
NA18597_NYGC	WholeDel1
NA18605_NYGC	WholeDel1
NA18608_NYGC	WholeDel1
NA18611_NYGC	WholeDel1
NA18612_NYGC	WholeDel1
NA18613_NYGC	WholeDel1
NA18614_NYGC	WholeDel1
NA18616_NYGC	WholeDel1
NA18619_NYGC	WholeDel1
NA18623_NYGC	WholeDel1
NA18624_NYGC	WholeDel1
NA18625_NYGC	WholeDel1
NA18626_NYGC	WholeDel1
NA18853_NYGC	WholeDel1
NA18870_NYGC	WholeDel1
NA18909_NYGC	WholeDel1
NA18912_NYGC	WholeDel1
NA18940_NYGC	WholeDel1
NA18942_NYGC	WholeDel1
NA06984_NYGC	WholeDel1+NoncodingDel1
NA18572_NYGC	WholeDel1+NoncodingDel1
NA18582_NYGC	WholeDel1+NoncodingDel1
NA18943_NYGC	WholeDel1+NoncodingDel1
NA12828_NYGC	WholeDel1Hom
NA12829_NYGC	WholeDel1Hom
NA12842_NYGC	WholeDel1Hom
NA12843_NYGC	WholeDel1Hom
NA12872_NYGC	WholeDel1Hom
NA12873_NYGC	WholeDel1Hom
NA12874_NYGC	WholeDel1Hom
NA12889_NYGC	WholeDel1Hom
NA18488_NYGC	WholeDel1Hom
NA18504_NYGC	WholeDel1Hom
NA18505_NYGC	WholeDel1Hom
NA18507_NYGC	WholeDel1Hom
NA18508_NYGC	WholeDel1Hom
NA18510_NYGC	WholeDel1Hom
NA18511_NYGC	WholeDel1Hom
NA18523_NYGC	WholeDel1Hom
NA18526_NYGC	WholeDel1Hom
NA18532_NYGC	WholeDel1Hom
NA18536_NYGC	WholeDel1Hom
NA18548_NYGC	WholeDel1Hom
NA18555_NYGC	WholeDel1Hom
NA18558_NYGC	WholeDel1Hom
NA18559_NYGC	WholeDel1Hom
NA18561_NYGC	WholeDel1Hom
NA18562_NYGC	WholeDel1Hom
NA18564_NYGC	WholeDel1Hom
NA18571_NYGC	WholeDel1Hom
NA18573_NYGC	WholeDel1Hom
NA18592_NYGC	WholeDel1Hom
NA18593_NYGC	WholeDel1Hom
NA18599_NYGC	WholeDel1Hom
NA18602_NYGC	WholeDel1Hom
NA18603_NYGC	WholeDel1Hom
NA18606_NYGC	WholeDel1Hom
NA18609_NYGC	WholeDel1Hom
NA18610_NYGC	WholeDel1Hom
NA18615_NYGC	WholeDel1Hom
NA18617_NYGC	WholeDel1Hom
NA18618_NYGC	WholeDel1Hom
NA18620_NYGC	WholeDel1Hom
NA18622_NYGC	WholeDel1Hom
NA18627_NYGC	WholeDel1Hom
NA18628_NYGC	WholeDel1Hom
NA18638_NYGC	WholeDel1Hom
NA18944_NYGC	WholeDel1Hom
NA18945_NYGC	WholeDel1Hom
NA18949_NYGC	WholeDel1Hom
NA18952_NYGC	WholeDel1Hom
NA18953_NYGC	WholeDel1Hom
NA18956_NYGC	WholeDel1Hom
NA11894_NYGC	WholeDup1
NA19098_NYGC	WholeDup1
NA07000_NYGC	Normal
NA07051_NYGC	Normal
NA11829_NYGC	Normal
NA12347_NYGC	Normal
NA12815_NYGC	Normal
NA18498_NYGC	Normal
NA18501_NYGC	Normal
NA18517_NYGC	Normal
NA18519_NYGC	Normal
NA18621_NYGC	Normal
NA18856_NYGC	Normal
NA18858_NYGC	Normal
NA18861_NYGC	Normal
NA18871_NYGC	Normal
NA18907_NYGC	Normal
NA18916_NYGC	Normal
NA18959_NYGC	Normal
NA18972_NYGC	Normal
NA18973_NYGC	Normal
NA19099_NYGC	Normal
NA19108_NYGC	Normal
NA19114_NYGC	Normal
NA19141_NYGC	Normal
NA19005_NYGC	NoncodingDel1
NoncodingDel1_1	NoncodingDel1
NoncodingDel1_2	NoncodingDel1
NoncodingDel1_3	NoncodingDel1
NoncodingDel1_4	NoncodingDel1
NoncodingDel1_5	NoncodingDel1
NA18640_NYGC	WholeDel1+NoncodingDel1
NA18646_NYGC	WholeDel1+NoncodingDel1
NA18941_NYGC	WholeDel1+NoncodingDel1
NA19090_NYGC	WholeDel1+NoncodingDel1
NA18541_NYGC	NoncodingDel1
NA19001_NYGC	NoncodingDel1
NA19066_NYGC	NoncodingDel1
NA19908_NYGC	PartialDup1
PartialDup1_1	PartialDup1
PartialDup1_2	PartialDup1
PartialDup1_3	PartialDup1
PartialDup1_4	PartialDup1
PartialDup1_5	PartialDup1
NA20755_NYGC	WholeDup1
NA20506_NYGC	WholeDel1+WholeDel2
WholeDel1+WholeDel2_1	WholeDel1+WholeDel2
WholeDel1+WholeDel2_2	WholeDel1+WholeDel2
WholeDel1+WholeDel2_3	WholeDel1+WholeDel2
WholeDel1+WholeDel2_4	WholeDel1+WholeDel2
WholeDel1+WholeDel2_5	WholeDel1+WholeDel2
NA20895_NYGC	WholeDel1+WholeDel2
NA21094_NYGC	WholeDup1
NA21088_NYGC	NoncodingDel1
HG00242_NYGC	WholeDel2
NA21097_NYGC	WholeDel2
WholeDel2_1	WholeDel2
WholeDel2_2	WholeDel2
WholeDel2_3	WholeDel2
WholeDel2_4	WholeDel2
WholeDel2_5	WholeDel2
HG01137_NYGC	WholeDel1+WholeDel2
HG00653_NYGC	WholeDel1+NoncodingDel1
HG01344_NYGC	WholeDup1
HG01871_NYGC	WholeDel1+NoncodingDel1
HG02026_NYGC	WholeDel1+NoncodingDel1
HG00864_NYGC	Normal
HG01501_NYGC	Normal
HG01504_NYGC	Normal
HG01510_NYGC	Normal
HG01536_NYGC	Normal
HG01551_NYGC	Normal
HG01565_NYGC	Normal
HG01617_NYGC	Normal
HG01620_NYGC	Normal
HG01675_NYGC	Normal
HG01704_NYGC	Normal
HG01796_NYGC	Normal
HG01878_NYGC	Normal
HG01920_NYGC	Normal
HG01997_NYGC	Normal
HG03589_NYGC	WholeDel1+NoncodingDel1
HG03646_NYGC	WholeDup1
HG03449_NYGC	WholeDup1
HG02389_NYGC	WholeDel1+WholeDel2
HG02179_NYGC	WholeDel1+NoncodingDel1
HG02395_NYGC	WholeDel1+NoncodingDel1
HG04061_NYGC	WholeDel1+WholeDel2
HG04239_NYGC	WholeDel1+WholeDel2
HG04189_NYGC	WholeDel1+NoncodingDel1
HG02568_NYGC	WholeDup1
HG03064_NYGC	NoncodingDel1
HG04162_NYGC	NoncodingDel1