	CNV
NA12145_PyPGx	Normal
NA12156_PyPGx	Normal
NA12717_PyPGx	Normal
NA12813_PyPGx	Normal
NA12873_PyPGx	Normal
NA18484_PyPGx	Normal
NA18509_PyPGx	Normal
NA18518_PyPGx	Normal
NA18519_PyPGx	Normal
NA18524_PyPGx	Normal
NA18526_PyPGx	Normal
NA18540_PyPGx	Normal
NA18544_PyPGx	Normal
NA18552_PyPGx	Normal
NA18564_PyPGx	Normal
NA18565_PyPGx	Normal
NA18617_PyPGx	Normal
NA18855_PyPGx	Normal
NA18861_PyPGx	Normal
NA18868_PyPGx	Normal
NA18942_PyPGx	Normal
NA18952_PyPGx	Normal
NA18959_PyPGx	Normal
NA18966_PyPGx	Normal
NA18973_PyPGx	Normal
NA18980_PyPGx	Normal
NA18992_PyPGx	Normal
NA19003_PyPGx	Normal
NA19007_PyPGx	Normal
NA19095_PyPGx	Normal
NA19109_PyPGx	Normal
NA19122_PyPGx	Normal
NA19143_PyPGx	Normal
NA19147_PyPGx	Normal
NA19174_PyPGx	Normal
NA19176_PyPGx	Normal
NA19178_PyPGx	Normal
NA19207_PyPGx	Normal
NA19213_PyPGx	Normal
NA19226_PyPGx	Normal
NA19239_PyPGx	Normal
NA19789_PyPGx	Normal
NA19819_PyPGx	Normal
NA19908_PyPGx	Normal
NA19917_PyPGx	Normal
NA19920_PyPGx	Normal
NA20296_PyPGx	Normal
NA20509_PyPGx	Normal
NA21781_PyPGx	Normal
NA11993_PyPGx	PartialDeletion1
PartialDeletion1_1	PartialDeletion1
PartialDeletion1_2	PartialDeletion1
PartialDeletion1_3	PartialDeletion1
PartialDeletion1_4	PartialDeletion1
PartialDeletion1_5	PartialDeletion1
NA11931_NYGC	PartialDeletion1
NA11994_NYGC	PartialDeletion1
NA12399_NYGC	PartialDeletion1
NA12778_NYGC	PartialDeletion1
NA19160_NYGC	PartialDeletion2
PartialDeletion2_1	PartialDeletion2
PartialDeletion2_2	PartialDeletion2
PartialDeletion2_3	PartialDeletion2
PartialDeletion2_4	PartialDeletion2
PartialDeletion2_5	PartialDeletion2
NA19189_NYGC	PartialDeletion3
PartialDeletion3_1	PartialDeletion3
PartialDeletion3_2	PartialDeletion3
PartialDeletion3_3	PartialDeletion3
PartialDeletion3_4	PartialDeletion3
PartialDeletion3_5	PartialDeletion3
NA19024_NYGC	Deletion
Deletion_1	Deletion
Deletion_2	Deletion
Deletion_3	Deletion
Deletion_4	Deletion
Deletion_5	Deletion
NA19786_NYGC	Deletion2
Deletion2_1	Deletion2
Deletion2_2	Deletion2
Deletion2_3	Deletion2
Deletion2_4	Deletion2
Deletion2_6	Deletion2
NA19776_NYGC	Duplication
Duplication_1	Duplication
Duplication_2	Duplication
Duplication_3	Duplication
Duplication_4	Duplication
Duplication_5	Duplication
NA19747_NYGC	Duplication
NA20821_NYGC	PartialDuplication
PartialDuplication_1	PartialDuplication
PartialDuplication_2	PartialDuplication
PartialDuplication_3	PartialDuplication
PartialDuplication_4	PartialDuplication
PartialDuplication_5	PartialDuplication
NA20849_NYGC	PartialDuplication
NA20886_NYGC	PartialDuplication
HG00114_NYGC	PartialDeletion1
NA21090_NYGC	PartialDuplication
NA21108_NYGC	PartialDuplication
HG01512_NYGC	PartialDeletion1
HG01777_NYGC	PartialDeletion1
HG03009_NYGC	PartialDuplication
HG03727_NYGC	PartialDuplication
HG03743_NYGC	PartialDuplication
HG03772_NYGC	PartialDuplication
HG03896_NYGC	PartialDuplication
HG03911_NYGC	PartialDuplication
HG04002_NYGC	PartialDuplication
HG04006_NYGC	PartialDuplication
HG03280_NYGC	PartialDeletion3
HG02684_NYGC	PartialDuplication
HG02778_NYGC	PartialDuplication
HG03780_NYGC	PartialDuplication
HG04003_NYGC	PartialDuplication
HG04062_NYGC	PartialDuplication
HG04096_NYGC	PartialDuplication
HG04158_NYGC	PartialDuplication
HG03127_NYGC	PartialDeletion3
HG03082_NYGC	PartialDuplication2
PartialDuplication2_1	PartialDuplication2
PartialDuplication2_2	PartialDuplication2
PartialDuplication2_3	PartialDuplication2
PartialDuplication2_4	PartialDuplication2
PartialDuplication2_5	PartialDuplication2