	CNV
NA12145_PyPGx	Normal
NA12156_PyPGx	Normal
NA12717_PyPGx	Normal
NA12813_PyPGx	Normal
NA12873_PyPGx	Normal
NA18484_PyPGx	Normal
NA18509_PyPGx	Normal
NA18518_PyPGx	Normal
NA18519_PyPGx	Normal
NA18524_PyPGx	Normal
NA18526_PyPGx	Normal
NA18540_PyPGx	Normal
NA18544_PyPGx	Normal
NA18552_PyPGx	Normal
NA18564_PyPGx	Normal
NA18565_PyPGx	Normal
NA18617_PyPGx	Normal
NA18855_PyPGx	Normal
NA18861_PyPGx	Normal
NA18868_PyPGx	Normal
NA18942_PyPGx	Normal
NA18952_PyPGx	Normal
NA18959_PyPGx	Normal
NA18966_PyPGx	Normal
NA18973_PyPGx	Normal
NA18980_PyPGx	Normal
NA18992_PyPGx	Normal
NA19003_PyPGx	Normal
NA19007_PyPGx	Normal
NA19095_PyPGx	Normal
NA19109_PyPGx	Normal
NA19122_PyPGx	Normal
NA19143_PyPGx	Normal
NA19147_PyPGx	Normal
NA19174_PyPGx	Normal
NA19176_PyPGx	Normal
NA19178_PyPGx	Normal
NA19207_PyPGx	Normal
NA19213_PyPGx	Normal
NA19226_PyPGx	Normal
NA19239_PyPGx	Normal
NA19789_PyPGx	Normal
NA19819_PyPGx	Normal
NA19908_PyPGx	Normal
NA19917_PyPGx	Normal
NA19920_PyPGx	Normal
NA20296_PyPGx	Normal
NA20509_PyPGx	Normal
NA21781_PyPGx	Normal
NA11993_PyPGx	PartialDel1
PartialDel1_1	PartialDel1
PartialDel1_2	PartialDel1
PartialDel1_3	PartialDel1
PartialDel1_4	PartialDel1
PartialDel1_5	PartialDel1
NA11931_NYGC	PartialDel1
NA11994_NYGC	PartialDel1
NA12399_NYGC	PartialDel1
NA12778_NYGC	PartialDel1
NA19160_NYGC	PartialDel2
PartialDel2_1	PartialDel2
PartialDel2_2	PartialDel2
PartialDel2_3	PartialDel2
PartialDel2_4	PartialDel2
PartialDel2_5	PartialDel2
NA19189_NYGC	PartialDel3
PartialDel3_1	PartialDel3
PartialDel3_2	PartialDel3
PartialDel3_3	PartialDel3
PartialDel3_4	PartialDel3
PartialDel3_5	PartialDel3
NA19024_NYGC	WholeDel1
WholeDel1_1	WholeDel1
WholeDel1_2	WholeDel1
WholeDel1_3	WholeDel1
WholeDel1_4	WholeDel1
WholeDel1_5	WholeDel1
NA19786_NYGC	WholeDel2
WholeDel2_1	WholeDel2
WholeDel2_2	WholeDel2
WholeDel2_3	WholeDel2
WholeDel2_4	WholeDel2
WholeDel2_6	WholeDel2
NA19776_NYGC	WholeDup1
WholeDup1_1	WholeDup1
WholeDup1_2	WholeDup1
WholeDup1_3	WholeDup1
WholeDup1_4	WholeDup1
WholeDup1_5	WholeDup1
NA19747_NYGC	WholeDup1
NA20821_NYGC	PartialDup1
PartialDup1_1	PartialDup1
PartialDup1_2	PartialDup1
PartialDup1_3	PartialDup1
PartialDup1_4	PartialDup1
PartialDup1_5	PartialDup1
NA20849_NYGC	PartialDup1
NA20886_NYGC	PartialDup1
HG00114_NYGC	PartialDel1
NA21090_NYGC	PartialDup1
NA21108_NYGC	PartialDup1
HG01512_NYGC	PartialDel1
HG01777_NYGC	PartialDel1
HG03009_NYGC	PartialDup1
HG03727_NYGC	PartialDup1
HG03743_NYGC	PartialDup1
HG03772_NYGC	PartialDup1
HG03896_NYGC	PartialDup1
HG03911_NYGC	PartialDup1
HG04002_NYGC	PartialDup1
HG04006_NYGC	PartialDup1
HG03280_NYGC	PartialDel3
HG02684_NYGC	PartialDup1
HG02778_NYGC	PartialDup1
HG03780_NYGC	PartialDup1
HG04003_NYGC	PartialDup1
HG04062_NYGC	PartialDup1
HG04096_NYGC	PartialDup1
HG04158_NYGC	PartialDup1
HG03127_NYGC	PartialDel3
HG03082_NYGC	PartialDup2
PartialDup2_1	PartialDup2
PartialDup2_2	PartialDup2
PartialDup2_3	PartialDup2
PartialDup2_4	PartialDup2
PartialDup2_5	PartialDup2