	Sample	CNV
1	NA12145_PyPGx	Normal
2	NA12156_PyPGx	Normal
3	NA12717_PyPGx	Normal
4	NA12813_PyPGx	Normal
5	NA12873_PyPGx	Normal
6	NA18484_PyPGx	Normal
7	NA18509_PyPGx	Normal
8	NA18518_PyPGx	Normal
9	NA18519_PyPGx	Normal
10	NA18524_PyPGx	Normal
11	NA18526_PyPGx	Normal
12	NA18540_PyPGx	Normal
13	NA18544_PyPGx	Normal
14	NA18552_PyPGx	Normal
15	NA18564_PyPGx	Normal
16	NA18565_PyPGx	Normal
17	NA18617_PyPGx	Normal
18	NA18855_PyPGx	Normal
19	NA18861_PyPGx	Normal
20	NA18868_PyPGx	Normal
21	NA18942_PyPGx	Normal
22	NA18952_PyPGx	Normal
23	NA18959_PyPGx	Normal
24	NA18966_PyPGx	Normal
25	NA18973_PyPGx	Normal
26	NA18980_PyPGx	Normal
27	NA18992_PyPGx	Normal
28	NA19003_PyPGx	Normal
29	NA19007_PyPGx	Normal
30	NA19095_PyPGx	Normal
31	NA19109_PyPGx	Normal
32	NA19122_PyPGx	Normal
33	NA19143_PyPGx	Normal
34	NA19147_PyPGx	Normal
35	NA19174_PyPGx	Normal
36	NA19176_PyPGx	Normal
37	NA19178_PyPGx	Normal
38	NA19207_PyPGx	Normal
39	NA19213_PyPGx	Normal
40	NA19226_PyPGx	Normal
41	NA19239_PyPGx	Normal
42	NA19789_PyPGx	Normal
43	NA19819_PyPGx	Normal
44	NA19908_PyPGx	Normal
45	NA19917_PyPGx	Normal
46	NA19920_PyPGx	Normal
47	NA20296_PyPGx	Normal
48	NA20509_PyPGx	Normal
49	NA21781_PyPGx	Normal
50	NA11993_PyPGx	PartialDeletion1
51	PartialDeletion1_1	PartialDeletion1
52	PartialDeletion1_2	PartialDeletion1
53	PartialDeletion1_3	PartialDeletion1
54	PartialDeletion1_4	PartialDeletion1
55	PartialDeletion1_5	PartialDeletion1
56	NA11931_NYGC	PartialDeletion1
57	NA11994_NYGC	PartialDeletion1
58	NA12399_NYGC	PartialDeletion1
59	NA12778_NYGC	PartialDeletion1
60	NA19160_NYGC	PartialDeletion2
61	PartialDeletion2_1	PartialDeletion2
62	PartialDeletion2_2	PartialDeletion2
63	PartialDeletion2_3	PartialDeletion2
64	PartialDeletion2_4	PartialDeletion2
65	PartialDeletion2_5	PartialDeletion2
66	NA19189_NYGC	PartialDeletion3
67	PartialDeletion3_1	PartialDeletion3
68	PartialDeletion3_2	PartialDeletion3
69	PartialDeletion3_3	PartialDeletion3
70	PartialDeletion3_4	PartialDeletion3
71	PartialDeletion3_5	PartialDeletion3
72	NA19024_NYGC	Deletion
73	Deletion_1	Deletion
74	Deletion_2	Deletion
75	Deletion_3	Deletion
76	Deletion_4	Deletion
77	Deletion_5	Deletion
78	NA19786_NYGC	Deletion2
79	Deletion2_1	Deletion2
80	Deletion2_2	Deletion2
81	Deletion2_3	Deletion2
82	Deletion2_4	Deletion2
83	Deletion2_6	Deletion2
84	NA19776_NYGC	Duplication
85	Duplication_1	Duplication
86	Duplication_2	Duplication
87	Duplication_3	Duplication
88	Duplication_4	Duplication
89	Duplication_5	Duplication
90	NA19747_NYGC	Duplication
91	NA20821_NYGC	PartialDuplication
92	PartialDuplication_1	PartialDuplication
93	PartialDuplication_2	PartialDuplication
94	PartialDuplication_3	PartialDuplication
95	PartialDuplication_4	PartialDuplication
96	PartialDuplication_5	PartialDuplication
97	NA20849_NYGC	PartialDuplication
98	NA20886_NYGC	PartialDuplication