	Sample	CNV
1	NA18855_PyPGx	DeletionHet
2	NA18617_PyPGx	Tandem2B
3	HG00276_PyPGx	DeletionHet
4	NA11832_PyPGx	Tandem1A
5	NA18868_PyPGx	DeletionHet
6	NA12717_PyPGx	Normal
7	NA07056_PyPGx	Normal
8	NA18484_PyPGx	Normal
9	NA18564_PyPGx	Tandem2A
10	NA12145_PyPGx	Normal
11	NA18861_PyPGx	DeletionHet
12	HG00436_PyPGx	Duplication
13	NA18552_PyPGx	Normal
14	NA07000_PyPGx	Normal
15	NA12006_PyPGx	Normal
16	NA19239_PyPGx	Normal
17	NA19147_PyPGx	Normal
18	NA10854_PyPGx	Normal
19	NA19207_PyPGx	Duplication
20	NA18526_PyPGx	Tandem2B
21	NA18959_PyPGx	Tandem2A
22	NA06991_PyPGx	Normal
23	NA19109_PyPGx	Duplication
24	NA19789_PyPGx	Normal
25	HG01190_PyPGx	"DeletionHet,Tandem1A"
26	NA19122_PyPGx	Normal
27	NA19819_PyPGx	Duplication
28	NA19213_PyPGx	Normal
29	NA20509_PyPGx	Normal
30	NA18992_PyPGx	DeletionHet
31	NA18565_PyPGx	Tandem2A
32	NA18524_PyPGx	Tandem2B
33	NA18942_PyPGx	Normal
34	NA11839_PyPGx	Normal
35	NA10851_PyPGx	Normal
36	NA19176_PyPGx	Normal
37	NA18509_PyPGx	Normal
38	NA19226_PyPGx	Duplication
39	NA07357_PyPGx	Normal
40	NA07019_PyPGx	Normal
41	NA12873_PyPGx	DeletionHet
42	NA19143_PyPGx	Normal
43	NA10847_PyPGx	Normal
44	NA18518_PyPGx	Normal
45	NA21781_PyPGx	"Duplication,Tandem1A"
46	NA07348_PyPGx	Normal
47	NA19003_PyPGx	Normal
48	NA18544_PyPGx	Normal
49	NA18540_PyPGx	Tandem2B
50	NA18966_PyPGx	Normal
51	4936_PyPGx	DeletionHom
52	DeletionHom_1	DeletionHom
53	DeletionHom_2	DeletionHom
54	4863_PyPGx	Tandem2C
55	5005_PyPGx	Tandem2C
56	4997_PyPGx	Tandem2C
57	"DeletionHet,Tandem1A_1"	"DeletionHet,Tandem1A"
58	"DeletionHet,Tandem1A_2"	"DeletionHet,Tandem1A"
59	"Duplication,Tandem1A_1"	"Duplication,Tandem1A"
60	"Duplication,Tandem1A_2"	"Duplication,Tandem1A"
61	4953_PyPGx	Tandem2A
62	4957_PyPGx	Tandem2A
63	4960_PyPGx	Tandem2A
64	4961_PyPGx	Tandem2A
65	4962_PyPGx	Tandem2A
66	Tandem1A_1	Tandem1A
67	Tandem1A_2	Tandem1A
68	4743_PyPGx	DeletionHet
69	4745_PyPGx	DeletionHet
70	4760_PyPGx	DeletionHet
71	4807_PyPGx	DeletionHet
72	4840_PyPGx	DeletionHet
73	4850_PyPGx	DeletionHet
74	4854_PyPGx	DeletionHet
75	4885_PyPGx	DeletionHet
76	4903_PyPGx	DeletionHet
77	4918_PyPGx	DeletionHet
78	4719_PyPGx	Duplication
79	4727_PyPGx	Tandem2C
80	4759_PyPGx	Tandem2C
81	4705_PyPGx	Tandem2B
82	4706_PyPGx	Tandem2B
83	4707_PyPGx	Tandem2B
84	4737_PyPGx	Tandem2B
85	4751_PyPGx	Tandem2B
86	4764_PyPGx	Tandem2B
87	4768_PyPGx	Tandem2B
88	4772_PyPGx	Tandem2B
89	4777_PyPGx	Tandem2B
90	4802_PyPGx	Tandem2B
91	4812_PyPGx	Tandem2B
92	4819_PyPGx	Tandem2B
93	4828_PyPGx	Tandem2B
94	4832_PyPGx	Tandem2B
95	4839_PyPGx	Tandem2B
96	4846_PyPGx	Tandem2B
97	4856_PyPGx	Tandem2B
98	4873_PyPGx	Tandem2B
99	4876_PyPGx	Tandem2B
100	4906_PyPGx	Tandem2B
101	4701_PyPGx	Tandem2A
102	4714_PyPGx	Tandem2A
103	4718_PyPGx	Tandem2A
104	4721_PyPGx	Tandem2A
105	4725_PyPGx	Tandem2A
106	4733_PyPGx	Tandem2A
107	4734_PyPGx	Tandem2A
108	4739_PyPGx	Tandem2A
109	4746_PyPGx	Tandem2A
110	4750_PyPGx	Tandem2A
111	4754_PyPGx	Tandem2A
112	4756_PyPGx	Tandem2A
113	4757_PyPGx	Tandem2A
114	4773_PyPGx	Tandem2A
115	4784_PyPGx	Tandem2A
116	4790_PyPGx	Tandem2A
117	4797_PyPGx	Tandem2A
118	4804_PyPGx	Tandem2A
119	4808_PyPGx	Tandem2A
120	4810_PyPGx	Tandem2A
121	4813_PyPGx	Tandem2A
122	4814_PyPGx	Tandem2A
123	4818_PyPGx	Tandem2A
124	4820_PyPGx	Tandem2A
125	4821_PyPGx	Tandem2A
126	4824_PyPGx	Tandem2A
127	4825_PyPGx	Tandem2A
128	4826_PyPGx	Tandem2A
129	4829_PyPGx	Tandem2A
130	4830_PyPGx	Tandem2A
131	4831_PyPGx	Tandem2A
132	4833_PyPGx	Tandem2A
133	4834_PyPGx	Tandem2A
134	4843_PyPGx	Tandem2A
135	4844_PyPGx	Tandem2A
136	4847_PyPGx	Tandem2A
137	4849_PyPGx	Tandem2A
138	4852_PyPGx	Tandem2A
139	4857_PyPGx	Tandem2A
140	4858_PyPGx	Tandem2A
141	4864_PyPGx	Tandem2A
142	4865_PyPGx	Tandem2A
143	4872_PyPGx	Tandem2A
144	4874_PyPGx	Tandem2A
145	4875_PyPGx	Tandem2A
146	4883_PyPGx	Tandem2A
147	4887_PyPGx	Tandem2A
148	4888_PyPGx	Tandem2A
149	4890_PyPGx	Tandem2A
150	4891_PyPGx	Tandem2A
151	4897_PyPGx	Tandem2A
152	4898_PyPGx	Tandem2A
153	4900_PyPGx	Tandem2A
154	4901_PyPGx	Tandem2A
155	4904_PyPGx	Tandem2A
156	4908_PyPGx	Tandem2A
157	4817_PyPGx	Tandem3
158	Tandem3_1	Tandem3
159	Tandem3_2	Tandem3
160	4709_PyPGx	Normal
161	4710_PyPGx	Normal
162	4711_PyPGx	Normal
163	4713_PyPGx	Normal
164	4715_PyPGx	Normal
165	4717_PyPGx	Normal
166	4723_PyPGx	Normal
167	4732_PyPGx	Normal
168	4735_PyPGx	Normal
169	4738_PyPGx	Normal
170	4741_PyPGx	Normal
171	4742_PyPGx	Normal
172	4748_PyPGx	Normal
173	4752_PyPGx	Normal
174	4755_PyPGx	Normal
175	4758_PyPGx	Normal
176	4763_PyPGx	Normal
177	4765_PyPGx	Normal
178	4767_PyPGx	Normal
179	4794_PyPGx	Normal
180	4809_PyPGx	Normal
181	4811_PyPGx	Normal
182	4815_PyPGx	Normal
183	4816_PyPGx	Normal
184	4822_PyPGx	Normal
185	4823_PyPGx	Normal
186	4827_PyPGx	Normal
187	4838_PyPGx	Normal
188	4841_PyPGx	Normal
189	4842_PyPGx	Normal
190	4845_PyPGx	Normal
191	4848_PyPGx	Normal
192	4851_PyPGx	Normal
193	4853_PyPGx	Normal
194	4855_PyPGx	Normal
195	4859_PyPGx	Normal
196	4860_PyPGx	Normal
197	4861_PyPGx	Normal
198	4862_PyPGx	Normal
199	4866_PyPGx	Normal
200	4867_PyPGx	Normal
201	4868_PyPGx	Normal
202	4869_PyPGx	Normal
203	4870_PyPGx	Normal
204	4871_PyPGx	Normal
205	4877_PyPGx	Normal
206	4878_PyPGx	Normal
207	4879_PyPGx	Normal
208	4880_PyPGx	Normal
209	4881_PyPGx	Normal
210	4882_PyPGx	Normal
211	4884_PyPGx	Normal
212	4886_PyPGx	Normal
213	4892_PyPGx	Normal
214	4893_PyPGx	Normal
215	4894_PyPGx	Normal
216	4895_PyPGx	Normal
217	4896_PyPGx	Normal
218	4899_PyPGx	Normal
219	4902_PyPGx	Normal
220	4905_PyPGx	Normal
221	4909_PyPGx	Normal
222	4919_PyPGx	Normal
223	4925_PyPGx	Normal
224	4930_PyPGx	Normal
225	4943_PyPGx	Normal
226	4945_PyPGx	Normal
227	4948_PyPGx	Normal
228	4950_PyPGx	Normal
229	4955_PyPGx	Normal
230	4956_PyPGx	Normal
231	4958_PyPGx	Normal
232	4965_PyPGx	Normal
233	4966_PyPGx	Normal
234	4969_PyPGx	Normal
235	4970_PyPGx	Normal
236	4972_PyPGx	Normal
237	4975_PyPGx	Normal
238	4981_PyPGx	Normal
239	4982_PyPGx	Normal
240	4991_PyPGx	Normal
241	4992_PyPGx	Normal
242	4993_PyPGx	Normal
243	4998_PyPGx	Normal
244	4999_PyPGx	Normal
245	5000_PyPGx	Normal
246	NA06985_NYGC	DeletionHet
247	NA11829_NYGC	DeletionHet
248	NA11931_NYGC	DeletionHet
249	NA12155_NYGC	DeletionHet
250	NA12489_NYGC	DeletionHet
251	NA12873_NYGC	DeletionHet
252	NA18502_NYGC	DeletionHet
253	NA18508_NYGC	DeletionHet
254	NA18517_NYGC	DeletionHet
255	NA18853_NYGC	DeletionHet
256	NA18861_NYGC	DeletionHet
257	NA18945_NYGC	DeletionHet
258	NA18974_NYGC	DeletionHet
259	NA18975_NYGC	DeletionHet
260	NA19093_NYGC	DeletionHet
261	NA11994_NYGC	Duplication
262	NA12776_NYGC	Duplication
263	NA18507_NYGC	Duplication
264	NA18582_NYGC	Duplication
265	NA18856_NYGC	Duplication
266	NA18870_NYGC	Duplication
267	NA18907_NYGC	Duplication
268	NA19108_NYGC	Duplication
269	NA19137_NYGC	Duplication
270	NA19152_NYGC	Duplication
271	NA12154_NYGC	"Duplication,Tandem1A"
272	NA12778_NYGC	"Duplication,Tandem1A"
273	NA12275_NYGC	"Duplication,Tandem1A"
274	NA18909_NYGC	Multiplication
275	Multiplication_1	Multiplication
276	Multiplication_2	Multiplication
277	Multiplication_3	Multiplication
278	Multiplication_4	Multiplication
279	Multiplication_5	Multiplication
280	NA19190_NYGC	Multiplication
281	NA11930_NYGC	Normal
282	NA11995_NYGC	Normal
283	NA12003_NYGC	Normal
284	NA12004_NYGC	Normal
285	NA12005_NYGC	Normal
286	NA12006_NYGC	Normal
287	NA12043_NYGC	Normal
288	NA12044_NYGC	Normal
289	NA12045_NYGC	Normal
290	NA12058_NYGC	Normal
291	NA12144_NYGC	Normal
292	NA12156_NYGC	Normal
293	NA12234_NYGC	Normal
294	NA12249_NYGC	Normal
295	NA12272_NYGC	Normal
296	NA12273_NYGC	Normal
297	NA12283_NYGC	Normal
298	NA12286_NYGC	Normal
299	NA12287_NYGC	Normal
300	NA12340_NYGC	Normal
301	NA12341_NYGC	Normal
302	NA12342_NYGC	Normal
303	NA12347_NYGC	Normal
304	NA12348_NYGC	Normal
305	NA12383_NYGC	Normal
306	NA12399_NYGC	Normal
307	NA12414_NYGC	Normal
308	NA12716_NYGC	Normal
309	NA12717_NYGC	Normal
310	NA12718_NYGC	Normal
311	NA12748_NYGC	Normal
312	NA12749_NYGC	Normal
313	NA12750_NYGC	Normal
314	NA12751_NYGC	Normal
315	NA12760_NYGC	Normal
316	NA12761_NYGC	Normal
317	NA12762_NYGC	Normal
318	NA12763_NYGC	Normal
319	NA12775_NYGC	Normal
320	NA12777_NYGC	Normal
321	NA12812_NYGC	Normal
322	NA12813_NYGC	Normal
323	NA12814_NYGC	Normal
324	NA12815_NYGC	Normal
325	NA12827_NYGC	Normal
326	NA12828_NYGC	Normal
327	NA12842_NYGC	Normal
328	NA12843_NYGC	Normal
329	NA12872_NYGC	Normal
330	NA12874_NYGC	Normal
331	NA12889_NYGC	Normal
332	NA18486_NYGC	Normal
333	NA18488_NYGC	Normal
334	NA18489_NYGC	Normal
335	NA18498_NYGC	Normal
336	NA18499_NYGC	Normal
337	NA18501_NYGC	Normal
338	NA18504_NYGC	Normal
339	NA18505_NYGC	Normal
340	NA18510_NYGC	Normal
341	NA06984_NYGC	Tandem1A
342	NA07347_NYGC	Tandem1A
343	NA11832_NYGC	Tandem1A
344	NA12829_NYGC	Tandem1A
345	NA12878_NYGC	Tandem1A
346	NA12400_NYGC	Tandem1A
347	NA12282_NYGC	Tandem1B
348	Tandem1B_1	Tandem1B
349	Tandem1B_2	Tandem1B
350	Tandem1B_3	Tandem1B
351	Tandem1B_4	Tandem1B
352	Tandem1B_5	Tandem1B
353	NA12890_NYGC	Tandem1B
354	NA18573_NYGC	Tandem2A
355	NA18579_NYGC	Tandem2A
356	NA18592_NYGC	Tandem2A
357	NA18596_NYGC	Tandem2A
358	NA18602_NYGC	Tandem2A
359	NA18605_NYGC	Tandem2A
360	NA18609_NYGC	Tandem2A
361	NA18612_NYGC	Tandem2A
362	NA18615_NYGC	Tandem2A
363	NA18616_NYGC	Tandem2A
364	NA18618_NYGC	Tandem2A
365	NA18621_NYGC	Tandem2A
366	NA18623_NYGC	Tandem2A
367	NA18624_NYGC	Tandem2A
368	NA18947_NYGC	Tandem2A
369	NA18949_NYGC	Tandem2A
370	NA18951_NYGC	Tandem2A
371	NA18956_NYGC	Tandem2A
372	NA18959_NYGC	Tandem2A
373	NA18961_NYGC	Tandem2A
374	NA18964_NYGC	Tandem2A
375	NA18965_NYGC	Tandem2A
376	NA18967_NYGC	Tandem2A
377	NA18968_NYGC	Tandem2A
378	NA18970_NYGC	Tandem2A
379	NA18972_NYGC	Tandem2A
380	NA18976_NYGC	Tandem2A
381	NA18980_NYGC	Tandem2A
382	NA18981_NYGC	Tandem2A
383	NA18559_NYGC	Tandem2A
384	NA18595_NYGC	Tandem2A
385	NA18550_NYGC	Tandem2B
386	NA18561_NYGC	Tandem2B
387	NA18571_NYGC	Tandem2B
388	NA18599_NYGC	Tandem2B
389	NA18603_NYGC	Tandem2B
390	NA18617_NYGC	Tandem2B
391	NA18619_NYGC	Tandem2B
392	NA18625_NYGC	Tandem2B
393	NA18638_NYGC	Tandem2B
394	NA18944_NYGC	Tandem2B
395	NA18557_NYGC	Tandem2B
396	NA18593_NYGC	Tandem2B
397	NA18610_NYGC	Tandem2B
398	NA18948_NYGC	Tandem2B
399	NA18555_NYGC	Unknown1
400	Unknown1_1	Unknown1
401	Unknown1_2	Unknown1
402	Unknown1_3	Unknown1
403	Unknown1_4	Unknown1
404	Unknown1_5	Unknown1
405	NA11932_NYGC	DeletionHet
406	NA18868_NYGC	DeletionHet
407	NA18873_NYGC	DeletionHet
408	NA18910_NYGC	DeletionHet
409	NA18933_NYGC	DeletionHet
410	NA18982_NYGC	DeletionHet
411	NA18992_NYGC	DeletionHet
412	NA18997_NYGC	DeletionHet
413	NA19000_NYGC	DeletionHet
414	NA19035_NYGC	DeletionHet
415	NA19036_NYGC	DeletionHet
416	NA19074_NYGC	DeletionHet
417	NA19083_NYGC	DeletionHet
418	NA19087_NYGC	DeletionHet
419	NA19317_NYGC	DeletionHom
420	NA18923_NYGC	Duplication
421	NA18924_NYGC	Duplication
422	NA18979_NYGC	Duplication
423	NA19075_NYGC	Duplication
424	NA19121_NYGC	Duplication
425	NA19146_NYGC	Duplication
426	NA19184_NYGC	Duplication
427	NA19189_NYGC	Duplication
428	NA19308_NYGC	Duplication
429	NA19332_NYGC	Duplication
430	NA19378_NYGC	Multiplication
431	NA19175_NYGC	Multiplication
432	NA19456_NYGC	Tandem1A
433	NA19462_NYGC	Tandem1A
434	NA19017_NYGC	Tandem1B
435	NA18632_NYGC	Tandem2B
436	NA18633_NYGC	Tandem2B
437	NA18639_NYGC	Tandem2B
438	NA18642_NYGC	Tandem2B
439	NA18748_NYGC	Tandem2B
440	NA18757_NYGC	Tandem2B
441	NA18954_NYGC	Tandem2B
442	NA18985_NYGC	Tandem2B
443	NA19058_NYGC	Tandem2B
444	NA19063_NYGC	Tandem2B
445	NA19078_NYGC	Tandem2B
446	NA19082_NYGC	Tandem2B
447	NA19316_NYGC	PseudogeneDeletion
448	PseudogeneDeletion_1	PseudogeneDeletion
449	PseudogeneDeletion_2	PseudogeneDeletion
450	PseudogeneDeletion_3	PseudogeneDeletion
451	PseudogeneDeletion_4	PseudogeneDeletion
452	PseudogeneDeletion_5	PseudogeneDeletion
453	NA19471_NYGC	DeletionHet
454	NA19783_NYGC	DeletionHet
455	NA19921_NYGC	DeletionHet
456	NA20127_NYGC	DeletionHet
457	NA20281_NYGC	DeletionHet
458	NA20317_NYGC	DeletionHet
459	NA20357_NYGC	DeletionHet
460	NA20530_NYGC	DeletionHet
461	NA19703_NYGC	Duplication
462	NA19713_NYGC	Duplication
463	NA19723_NYGC	Duplication
464	NA19761_NYGC	Duplication
465	NA19819_NYGC	Duplication
466	NA19909_NYGC	Duplication
467	NA19920_NYGC	Duplication
468	NA20359_NYGC	Duplication
469	NA20516_NYGC	Duplication
470	NA20535_NYGC	Duplication
471	NA20586_NYGC	Duplication
472	NA19664_NYGC	Tandem1A
473	NA19681_NYGC	Tandem1A
474	NA19707_NYGC	Tandem1A
475	NA19725_NYGC	Tandem1A
476	NA19773_NYGC	Tandem1A
477	NA20507_NYGC	Tandem1A
478	NA20532_NYGC	Tandem1A
479	NA20581_NYGC	Tandem1A
480	NA20756_NYGC	Tandem1A
481	NA20763_NYGC	Tandem1A
482	NA20766_NYGC	Tandem1A
483	NA20771_NYGC	Tandem1A
484	NA20775_NYGC	Tandem1A
485	NA20785_NYGC	Tandem1A
486	NA20790_NYGC	Tandem1A
487	NA20797_NYGC	Tandem1A
488	NA20504_NYGC	Tandem1B
489	NA20808_NYGC	Tandem1B
490	NA19776_NYGC	Tandem2A
491	NA20539_NYGC	Tandem2A
492	NA19649_NYGC	"Duplication,Tandem1A"
493	NA19785_NYGC	Tandem3
494	NA19719_NYGC	Tandem4
495	NA20755_NYGC	PseudogeneDownstreamDel
496	NA19788_NYGC	Tandem4
497	Tandem4_1	Tandem4
498	Tandem4_2	Tandem4
499	Tandem4_3	Tandem4
500	Tandem4_4	Tandem4
501	Tandem4_5	Tandem4
502	NA20847_NYGC	PseudogeneDownstreamDel
503	PseudogeneDownstreamDel_1	PseudogeneDownstreamDel
504	PseudogeneDownstreamDel_2	PseudogeneDownstreamDel
505	PseudogeneDownstreamDel_3	PseudogeneDownstreamDel
506	PseudogeneDownstreamDel_4	PseudogeneDownstreamDel
507	PseudogeneDownstreamDel_5	PseudogeneDownstreamDel
508	NA19982_NYGC	Unknown2
509	Unknown2_1	Unknown2
510	Unknown2_2	Unknown2
511	Unknown2_3	Unknown2
512	Unknown2_4	Unknown2
513	Unknown2_5	Unknown2