	Sample	CNV
1	NA18855_PyPGx	DeletionHet
2	NA18617_PyPGx	Tandem2B
3	HG00276_PyPGx	DeletionHet
4	NA11832_PyPGx	Tandem1
5	NA18868_PyPGx	DeletionHet
6	NA12717_PyPGx	Normal
7	NA07056_PyPGx	Normal
8	NA18484_PyPGx	Normal
9	NA18564_PyPGx	Tandem2A
10	NA12145_PyPGx	Normal
11	NA18861_PyPGx	DeletionHet
12	HG00436_PyPGx	Duplication
13	NA18552_PyPGx	Normal
14	NA07000_PyPGx	Normal
15	NA12006_PyPGx	Normal
16	NA19239_PyPGx	Normal
17	NA19147_PyPGx	Normal
18	NA10854_PyPGx	Normal
19	NA19207_PyPGx	Duplication
20	NA18526_PyPGx	Tandem2B
21	NA18959_PyPGx	Tandem2A
22	NA06991_PyPGx	Normal
23	NA19109_PyPGx	Duplication
24	NA19789_PyPGx	Normal
25	HG01190_PyPGx	"DeletionHet,Tandem1"
26	NA19122_PyPGx	Normal
27	NA19819_PyPGx	Duplication
28	NA19213_PyPGx	Normal
29	NA20509_PyPGx	Normal
30	NA18992_PyPGx	DeletionHet
31	NA18565_PyPGx	Tandem2A
32	NA18524_PyPGx	Tandem2B
33	NA18942_PyPGx	Normal
34	NA11839_PyPGx	Normal
35	NA10851_PyPGx	Normal
36	NA19176_PyPGx	Normal
37	NA18509_PyPGx	Normal
38	NA19226_PyPGx	Duplication
39	NA07357_PyPGx	Normal
40	NA07019_PyPGx	Normal
41	NA12873_PyPGx	DeletionHet
42	NA19143_PyPGx	Normal
43	NA10847_PyPGx	Normal
44	NA18518_PyPGx	Normal
45	NA21781_PyPGx	"Duplication,Tandem1"
46	NA07348_PyPGx	Normal
47	NA19003_PyPGx	Normal
48	NA18544_PyPGx	Normal
49	NA18540_PyPGx	Tandem2B
50	NA18966_PyPGx	Normal
51	4936_PyPGx	DeletionHom
52	DeletionHom_1	DeletionHom
53	DeletionHom_2	DeletionHom
54	4863_PyPGx	Tandem2C
55	5005_PyPGx	Tandem2C
56	4997_PyPGx	Tandem2C
57	"DeletionHet,Tandem1_1"	"DeletionHet,Tandem1"
58	"DeletionHet,Tandem1_2"	"DeletionHet,Tandem1"
59	"Duplication,Tandem1_1"	"Duplication,Tandem1"
60	"Duplication,Tandem1_2"	"Duplication,Tandem1"
61	4953_PyPGx	Tandem2A
62	4957_PyPGx	Tandem2A
63	4960_PyPGx	Tandem2A
64	4961_PyPGx	Tandem2A
65	4962_PyPGx	Tandem2A
66	Tandem1_1	Tandem1
67	Tandem1_2	Tandem1
68	4743_PyPGx	DeletionHet
69	4745_PyPGx	DeletionHet
70	4760_PyPGx	DeletionHet
71	4807_PyPGx	DeletionHet
72	4840_PyPGx	DeletionHet
73	4850_PyPGx	DeletionHet
74	4854_PyPGx	DeletionHet
75	4885_PyPGx	DeletionHet
76	4903_PyPGx	DeletionHet
77	4918_PyPGx	DeletionHet
78	4719_PyPGx	Duplication
79	4727_PyPGx	Tandem2C
80	4759_PyPGx	Tandem2C
81	4705_PyPGx	Tandem2B
82	4706_PyPGx	Tandem2B
83	4707_PyPGx	Tandem2B
84	4737_PyPGx	Tandem2B
85	4751_PyPGx	Tandem2B
86	4764_PyPGx	Tandem2B
87	4768_PyPGx	Tandem2B
88	4772_PyPGx	Tandem2B
89	4777_PyPGx	Tandem2B
90	4802_PyPGx	Tandem2B
91	4812_PyPGx	Tandem2B
92	4819_PyPGx	Tandem2B
93	4828_PyPGx	Tandem2B
94	4832_PyPGx	Tandem2B
95	4839_PyPGx	Tandem2B
96	4846_PyPGx	Tandem2B
97	4856_PyPGx	Tandem2B
98	4873_PyPGx	Tandem2B
99	4876_PyPGx	Tandem2B
100	4906_PyPGx	Tandem2B
101	4701_PyPGx	Tandem2A
102	4714_PyPGx	Tandem2A
103	4718_PyPGx	Tandem2A
104	4721_PyPGx	Tandem2A
105	4725_PyPGx	Tandem2A
106	4733_PyPGx	Tandem2A
107	4734_PyPGx	Tandem2A
108	4739_PyPGx	Tandem2A
109	4746_PyPGx	Tandem2A
110	4750_PyPGx	Tandem2A
111	4754_PyPGx	Tandem2A
112	4756_PyPGx	Tandem2A
113	4757_PyPGx	Tandem2A
114	4773_PyPGx	Tandem2A
115	4784_PyPGx	Tandem2A
116	4790_PyPGx	Tandem2A
117	4797_PyPGx	Tandem2A
118	4804_PyPGx	Tandem2A
119	4808_PyPGx	Tandem2A
120	4810_PyPGx	Tandem2A
121	4813_PyPGx	Tandem2A
122	4814_PyPGx	Tandem2A
123	4818_PyPGx	Tandem2A
124	4820_PyPGx	Tandem2A
125	4821_PyPGx	Tandem2A
126	4824_PyPGx	Tandem2A
127	4825_PyPGx	Tandem2A
128	4826_PyPGx	Tandem2A
129	4829_PyPGx	Tandem2A
130	4830_PyPGx	Tandem2A
131	4831_PyPGx	Tandem2A
132	4833_PyPGx	Tandem2A
133	4834_PyPGx	Tandem2A
134	4843_PyPGx	Tandem2A
135	4844_PyPGx	Tandem2A
136	4847_PyPGx	Tandem2A
137	4849_PyPGx	Tandem2A
138	4852_PyPGx	Tandem2A
139	4857_PyPGx	Tandem2A
140	4858_PyPGx	Tandem2A
141	4864_PyPGx	Tandem2A
142	4865_PyPGx	Tandem2A
143	4872_PyPGx	Tandem2A
144	4874_PyPGx	Tandem2A
145	4875_PyPGx	Tandem2A
146	4883_PyPGx	Tandem2A
147	4887_PyPGx	Tandem2A
148	4888_PyPGx	Tandem2A
149	4890_PyPGx	Tandem2A
150	4891_PyPGx	Tandem2A
151	4897_PyPGx	Tandem2A
152	4898_PyPGx	Tandem2A
153	4900_PyPGx	Tandem2A
154	4901_PyPGx	Tandem2A
155	4904_PyPGx	Tandem2A
156	4908_PyPGx	Tandem2A
157	4817_PyPGx	Tandem3
158	Tandem3_1	Tandem3
159	Tandem3_2	Tandem3
160	4709_PyPGx	Normal
161	4710_PyPGx	Normal
162	4711_PyPGx	Normal
163	4713_PyPGx	Normal
164	4715_PyPGx	Normal
165	4717_PyPGx	Normal
166	4723_PyPGx	Normal
167	4732_PyPGx	Normal
168	4735_PyPGx	Normal
169	4738_PyPGx	Normal
170	4741_PyPGx	Normal
171	4742_PyPGx	Normal
172	4748_PyPGx	Normal
173	4752_PyPGx	Normal
174	4755_PyPGx	Normal
175	4758_PyPGx	Normal
176	4763_PyPGx	Normal
177	4765_PyPGx	Normal
178	4767_PyPGx	Normal
179	4794_PyPGx	Normal
180	4809_PyPGx	Normal
181	4811_PyPGx	Normal
182	4815_PyPGx	Normal
183	4816_PyPGx	Normal
184	4822_PyPGx	Normal
185	4823_PyPGx	Normal
186	4827_PyPGx	Normal
187	4838_PyPGx	Normal
188	4841_PyPGx	Normal
189	4842_PyPGx	Normal
190	4845_PyPGx	Normal
191	4848_PyPGx	Normal
192	4851_PyPGx	Normal
193	4853_PyPGx	Normal
194	4855_PyPGx	Normal
195	4859_PyPGx	Normal
196	4860_PyPGx	Normal
197	4861_PyPGx	Normal
198	4862_PyPGx	Normal
199	4866_PyPGx	Normal
200	4867_PyPGx	Normal
201	4868_PyPGx	Normal
202	4869_PyPGx	Normal
203	4870_PyPGx	Normal
204	4871_PyPGx	Normal
205	4877_PyPGx	Normal
206	4878_PyPGx	Normal
207	4879_PyPGx	Normal
208	4880_PyPGx	Normal
209	4881_PyPGx	Normal
210	4882_PyPGx	Normal
211	4884_PyPGx	Normal
212	4886_PyPGx	Normal
213	4892_PyPGx	Normal
214	4893_PyPGx	Normal
215	4894_PyPGx	Normal
216	4895_PyPGx	Normal
217	4896_PyPGx	Normal
218	4899_PyPGx	Normal
219	4902_PyPGx	Normal
220	4905_PyPGx	Normal
221	4909_PyPGx	Normal
222	4919_PyPGx	Normal
223	4925_PyPGx	Normal
224	4930_PyPGx	Normal
225	4943_PyPGx	Normal
226	4945_PyPGx	Normal
227	4948_PyPGx	Normal
228	4950_PyPGx	Normal
229	4955_PyPGx	Normal
230	4956_PyPGx	Normal
231	4958_PyPGx	Normal
232	4965_PyPGx	Normal
233	4966_PyPGx	Normal
234	4969_PyPGx	Normal
235	4970_PyPGx	Normal
236	4972_PyPGx	Normal
237	4975_PyPGx	Normal
238	4981_PyPGx	Normal
239	4982_PyPGx	Normal
240	4991_PyPGx	Normal
241	4992_PyPGx	Normal
242	4993_PyPGx	Normal
243	4998_PyPGx	Normal
244	4999_PyPGx	Normal
245	5000_PyPGx	Normal