	Sample	CNV
1	NA18855_PyPGx	Normal
2	NA18617_PyPGx	DeletionHet
3	NA19908_PyPGx	Normal
4	NA18973_PyPGx	DeletionHom
5	NA12003_PyPGx	Normal
6	NA18519_PyPGx	Normal
7	NA19917_PyPGx	Normal
8	NA19920_PyPGx	Normal
9	NA18868_PyPGx	Normal
10	NA12813_PyPGx	Normal
11	NA20296_PyPGx	Normal
12	NA12717_PyPGx	Normal
13	NA18484_PyPGx	Normal
14	NA19178_PyPGx	Normal
15	NA18564_PyPGx	Normal
16	NA12145_PyPGx	Normal
17	NA18861_PyPGx	Duplication
18	HG00436_PyPGx	Hybrid
19	NA18552_PyPGx	Normal
20	NA12006_PyPGx	Normal
21	NA19239_PyPGx	Normal
22	NA12156_PyPGx	Normal
23	NA19147_PyPGx	Normal
24	NA19095_PyPGx	Normal
25	NA18980_PyPGx	Normal
26	NA19207_PyPGx	Normal
27	NA18526_PyPGx	Normal
28	NA18959_PyPGx	DeletionHet
29	NA19109_PyPGx	Normal
30	NA18952_PyPGx	DeletionHom
31	NA19789_PyPGx	Normal
32	NA19122_PyPGx	Normal
33	NA19819_PyPGx	Normal
34	NA19213_PyPGx	Normal
35	NA19174_PyPGx	Normal
36	NA20509_PyPGx	Normal
37	NA18992_PyPGx	Normal
38	NA18565_PyPGx	DeletionHet
39	NA18524_PyPGx	Normal
40	NA18942_PyPGx	DeletionHet
41	NA19176_PyPGx	Normal
42	NA18509_PyPGx	Normal
43	NA19226_PyPGx	Normal
44	NA12873_PyPGx	Normal
45	NA19143_PyPGx	Normal
46	NA18518_PyPGx	Normal
47	NA21781_PyPGx	Normal
48	NA19003_PyPGx	Normal
49	NA18544_PyPGx	Normal
50	NA18540_PyPGx	Normal
51	4704_PyPGx	DeletionHom
52	4744_PyPGx	DeletionHom
53	4802_PyPGx	DeletionHom
54	4803_PyPGx	DeletionHom
55	4815_PyPGx	DeletionHom
56	4701_PyPGx	DeletionHet
57	4703_PyPGx	DeletionHet
58	4705_PyPGx	DeletionHet
59	4712_PyPGx	DeletionHet
60	4721_PyPGx	DeletionHet
61	4725_PyPGx	DeletionHet
62	4738_PyPGx	DeletionHet
63	4742_PyPGx	DeletionHet
64	4743_PyPGx	DeletionHet
65	4746_PyPGx	DeletionHet
66	4755_PyPGx	DeletionHet
67	4760_PyPGx	DeletionHet
68	4763_PyPGx	DeletionHet
69	4767_PyPGx	DeletionHet
70	4771_PyPGx	DeletionHet
71	4783_PyPGx	DeletionHet
72	4797_PyPGx	DeletionHet
73	4798_PyPGx	DeletionHet
74	4801_PyPGx	DeletionHet
75	4814_PyPGx	DeletionHet
76	4821_PyPGx	DeletionHet
77	4830_PyPGx	DeletionHet
78	4831_PyPGx	DeletionHet
79	4832_PyPGx	DeletionHet
80	4833_PyPGx	DeletionHet
81	4839_PyPGx	DeletionHet
82	4841_PyPGx	DeletionHet
83	4846_PyPGx	DeletionHet
84	4852_PyPGx	DeletionHet
85	4853_PyPGx	DeletionHet
86	4858_PyPGx	DeletionHet
87	4859_PyPGx	DeletionHet
88	4863_PyPGx	DeletionHet
89	4866_PyPGx	DeletionHet
90	4871_PyPGx	DeletionHet
91	4878_PyPGx	DeletionHet
92	4899_PyPGx	DeletionHet
93	4922_PyPGx	DeletionHet
94	4933_PyPGx	DeletionHet
95	4935_PyPGx	DeletionHet
96	4939_PyPGx	DeletionHet
97	4945_PyPGx	DeletionHet
98	4947_PyPGx	DeletionHet
99	4962_PyPGx	DeletionHet
100	4963_PyPGx	DeletionHet
101	4970_PyPGx	DeletionHet
102	4979_PyPGx	DeletionHet
103	4982_PyPGx	DeletionHet