	CNV
NA18855_PyPGx	Normal
NA18617_PyPGx	WholeDel1
NA19908_PyPGx	Normal
NA18973_PyPGx	WholeDel1Hom
NA12003_PyPGx	Normal
NA18519_PyPGx	Normal
NA19917_PyPGx	Normal
NA19920_PyPGx	Normal
NA18868_PyPGx	Normal
NA12813_PyPGx	Normal
NA20296_PyPGx	Normal
NA12717_PyPGx	Normal
NA18484_PyPGx	Normal
NA19178_PyPGx	Normal
NA18564_PyPGx	Normal
NA12145_PyPGx	Normal
NA18861_PyPGx	WholeDup1
HG00436_PyPGx	Hybrid1
NA18552_PyPGx	Normal
NA12006_PyPGx	Normal
NA19239_PyPGx	Normal
NA12156_PyPGx	Normal
NA19147_PyPGx	Normal
NA19095_PyPGx	Normal
NA18980_PyPGx	Normal
NA19207_PyPGx	Normal
NA18526_PyPGx	Normal
NA18959_PyPGx	WholeDel1
NA19109_PyPGx	Normal
NA18952_PyPGx	WholeDel1Hom
NA19789_PyPGx	Normal
NA19122_PyPGx	Normal
NA19819_PyPGx	Normal
NA19213_PyPGx	Normal
NA19174_PyPGx	Normal
NA20509_PyPGx	Normal
NA18992_PyPGx	Normal
NA18565_PyPGx	WholeDel1
NA18524_PyPGx	Normal
NA18942_PyPGx	WholeDel1
NA19176_PyPGx	Normal
NA18509_PyPGx	Normal
NA19226_PyPGx	Normal
NA12873_PyPGx	Normal
NA19143_PyPGx	Normal
NA18518_PyPGx	Normal
NA21781_PyPGx	Normal
NA19003_PyPGx	Normal
NA18544_PyPGx	Normal
NA18540_PyPGx	Normal
4704_PyPGx	WholeDel1Hom
4744_PyPGx	WholeDel1Hom
4802_PyPGx	WholeDel1Hom
4803_PyPGx	WholeDel1Hom
4815_PyPGx	WholeDel1Hom
4701_PyPGx	WholeDel1
4703_PyPGx	WholeDel1
4705_PyPGx	WholeDel1
4712_PyPGx	WholeDel1
4721_PyPGx	WholeDel1
4725_PyPGx	WholeDel1
4738_PyPGx	WholeDel2
4742_PyPGx	WholeDel1
4743_PyPGx	WholeDel1
4746_PyPGx	WholeDel1
4755_PyPGx	WholeDel1
4760_PyPGx	WholeDel1
4763_PyPGx	WholeDel1
4767_PyPGx	WholeDel1
4771_PyPGx	WholeDel1
4783_PyPGx	WholeDel1
4797_PyPGx	WholeDel1
4798_PyPGx	WholeDel1
4801_PyPGx	WholeDel1
4814_PyPGx	WholeDel1
4821_PyPGx	WholeDel1
4830_PyPGx	WholeDel1
4831_PyPGx	WholeDel1
4832_PyPGx	WholeDel1
4833_PyPGx	WholeDel1
4839_PyPGx	WholeDel1
4841_PyPGx	WholeDel1
4846_PyPGx	WholeDel1
4852_PyPGx	WholeDel1
4853_PyPGx	WholeDel1
4858_PyPGx	WholeDel1
4859_PyPGx	WholeDel1
4863_PyPGx	WholeDel1
4866_PyPGx	WholeDel1
4871_PyPGx	WholeDel1
4878_PyPGx	WholeDel1
4899_PyPGx	WholeDel1
4922_PyPGx	WholeDel1
4933_PyPGx	WholeDel1
4935_PyPGx	WholeDel1
4939_PyPGx	WholeDel1
4945_PyPGx	WholeDel1
4947_PyPGx	WholeDel1
4962_PyPGx	WholeDel1
4963_PyPGx	WholeDel1
4970_PyPGx	WholeDel1
4979_PyPGx	WholeDel1
4982_PyPGx	WholeDel1
WholeDel2_1	WholeDel2
WholeDel2_2	WholeDel2
WholeDel2_3	WholeDel2
WholeDel2_4	WholeDel2
WholeDel2_5	WholeDel2
NA18488_NYGC	WholeDel3
NA19119_NYGC	WholeDel3
NA19204_NYGC	WholeDel3
NA12750_NYGC	WholeDel1
NA18534_NYGC	WholeDel1
NA18537_NYGC	WholeDel1
NA18543_NYGC	WholeDel1
NA18562_NYGC	WholeDel1
NA18599_NYGC	WholeDel1
NA18605_NYGC	WholeDel1
NA18611_NYGC	WholeDel1
NA18616_NYGC	WholeDel1
NA18617_NYGC	WholeDel1
NA18619_NYGC	WholeDel1
NA18627_NYGC	WholeDel1
NA18952_NYGC	WholeDel1Hom
NA11829_NYGC	Hybrid2
NA12286_NYGC	Hybrid2
NA12347_NYGC	Hybrid2
NA12400_NYGC	Hybrid2
NA12812_NYGC	Hybrid2
NA18516_NYGC	Hybrid3
Hybrid3_1	Hybrid3
Hybrid3_2	Hybrid3
Hybrid3_3	Hybrid3
Hybrid3_4	Hybrid3
Hybrid3_5	Hybrid3
WholeDel3_1	WholeDel3
WholeDel3_2	WholeDel3
WholeDel3_3	WholeDel3
WholeDel3_4	WholeDel3
WholeDel3_5	WholeDel3
NA06984_NYGC	Normal
NA06986_NYGC	Normal
NA06989_NYGC	Normal
NA06994_NYGC	Normal
NA07000_NYGC	Normal
NA07037_NYGC	Normal
NA07051_NYGC	Normal
NA07056_NYGC	Normal
NA07347_NYGC	Normal
NA07357_NYGC	Normal
NA10847_NYGC	Normal
NA10851_NYGC	Normal
NA11830_NYGC	Normal
NA11831_NYGC	Normal
NA11832_NYGC	Normal
NA11840_NYGC	Normal
NA11843_NYGC	Normal
NA11881_NYGC	Normal
NA11892_NYGC	Normal
NA11893_NYGC	Normal
NA11894_NYGC	Normal
NA11918_NYGC	Normal
NA11919_NYGC	Normal
NA11920_NYGC	Normal
NA11930_NYGC	Normal
NA11931_NYGC	Normal
NA11992_NYGC	Normal
NA11994_NYGC	Normal
NA11995_NYGC	Normal
NA12003_NYGC	Normal
NA12004_NYGC	Normal
NA12005_NYGC	Normal
NA12006_NYGC	Normal
NA12043_NYGC	Normal
NA12044_NYGC	Normal
NA12045_NYGC	Normal
NA12058_NYGC	Normal
NA12144_NYGC	Normal
NA12154_NYGC	Normal
NA12155_NYGC	Normal
NA12156_NYGC	Normal
NA12234_NYGC	Normal
NA12249_NYGC	Normal
NA12272_NYGC	Normal
NA12273_NYGC	Normal
NA12275_NYGC	Normal
NA12282_NYGC	Normal
NA12283_NYGC	Normal
NA12287_NYGC	Normal
NA12340_NYGC	Normal
NA12341_NYGC	Normal
NA12348_NYGC	Normal
NA12383_NYGC	Normal
NA12399_NYGC	Normal
NA12413_NYGC	Normal
NA12414_NYGC	Normal
NA12489_NYGC	Normal
NA12716_NYGC	Normal
NA12717_NYGC	Normal
NA12718_NYGC	Normal
NA12748_NYGC	Normal
NA12749_NYGC	Normal
NA12751_NYGC	Normal
NA12760_NYGC	Normal
NA12761_NYGC	Normal
NA12762_NYGC	Normal
NA12763_NYGC	Normal
NA12775_NYGC	Normal
NA12776_NYGC	Normal
NA12777_NYGC	Normal
NA12778_NYGC	Normal
NA12813_NYGC	Normal
NA12814_NYGC	Normal
NA12827_NYGC	Normal
NA12828_NYGC	Normal
NA12829_NYGC	Normal
NA12842_NYGC	Normal
NA12843_NYGC	Normal
NA12872_NYGC	Normal
NA12873_NYGC	Normal
ParalogWholeDup1_1	ParalogWholeDup1
ParalogWholeDup1_2	ParalogWholeDup1
ParalogWholeDup1_3	ParalogWholeDup1
ParalogWholeDup1_4	ParalogWholeDup1
ParalogWholeDup1_5	ParalogWholeDup1
WholeDup2_1	WholeDup2
WholeDup2_2	WholeDup2
WholeDup2_3	WholeDup2
WholeDup2_4	WholeDup2
WholeDup2_5	WholeDup2
WholeDup3_1	WholeDup3
WholeDup3_2	WholeDup3
WholeDup3_3	WholeDup3
WholeDup3_4	WholeDup3
WholeDup3_5	WholeDup3
NA18861_NYGC	WholeDup1
NA19116_NYGC	WholeDup1
WholeDup1_1	WholeDup1
WholeDup1_2	WholeDup1
WholeDup1_3	WholeDup1
WholeDup1_4	WholeDup1
WholeDup1_5	WholeDup1
Hybrid1_1	Hybrid1
Hybrid1_2	Hybrid1
Hybrid1_3	Hybrid1
Hybrid1_4	Hybrid1
Hybrid1_5	Hybrid1
NA06985_NYGC	ParalogWholeDup1
NA12342_NYGC	WholeDup2
NA19129_NYGC	WholeDup3
NA18984_NYGC	WholeDel2
NA19067_NYGC	WholeDel2
NA18865_NYGC	WholeDel3
NA18933_NYGC	WholeDel3
NA19020_NYGC	WholeDel3
NA19024_NYGC	WholeDel3
NA19036_NYGC	WholeDel3
NA19096_NYGC	WholeDel3
NA19149_NYGC	WholeDel3
NA19235_NYGC	WholeDel3
NA19401_NYGC	WholeDup1
NA20861_NYGC	WholeDel2
NA19466_NYGC	WholeDel3
NA20289_NYGC	WholeDel3
NA20828_NYGC	Tandem1
Tandem1_1	Tandem1
Tandem1_2	Tandem1
Tandem1_3	Tandem1
Tandem1_4	Tandem1
Tandem1_5	Tandem1
NA19658_NYGC	WholeDup3
NA20340_NYGC	WholeDup3
NA19655_NYGC	Hybrid2
NA20533_NYGC	Hybrid2
NA20539_NYGC	Hybrid2
NA20804_NYGC	Hybrid2
NA20805_NYGC	Hybrid2
NA19780_NYGC	Hybrid2Hom
Hybrid2Hom_1	Hybrid2Hom
Hybrid2Hom_2	Hybrid2Hom
Hybrid2Hom_3	Hybrid2Hom
Hybrid2Hom_4	Hybrid2Hom
Hybrid2Hom_5	Hybrid2Hom
NA20810_NYGC	ParalogWholeDup1
NA20515_NYGC	Hybrid4
Hybrid4_1	Hybrid4
Hybrid4_2	Hybrid4
Hybrid4_3	Hybrid4
Hybrid4_4	Hybrid4
Hybrid4_5	Hybrid4
NA20801_NYGC	Hybrid4
HG00448_NYGC	WholeDel1Hom
NA20896_NYGC	WholeDel2
NA21137_NYGC	WholeDel2
NA21098_NYGC	WholeDel3
HG00345_NYGC	WholeDup2
HG00105_NYGC	Hybrid2
HG00109_NYGC	Hybrid2
HG00313_NYGC	Hybrid2
NA20890_NYGC	Hybrid2
NA20910_NYGC	Hybrid2
NA21105_NYGC	Hybrid2
NA21119_NYGC	Hybrid2
HG00239_NYGC	ParalogWholeDup1
NA21093_NYGC	WholeDel2Hom
WholeDel2Hom_1	WholeDel2Hom
WholeDel2Hom_2	WholeDel2Hom
WholeDel2Hom_3	WholeDel2Hom
WholeDel2Hom_4	WholeDel2Hom
WholeDel2Hom_5	WholeDel2Hom
HG00155_NYGC	Hybrid5
Hybrid5_1	Hybrid5
Hybrid5_2	Hybrid5
Hybrid5_3	Hybrid5
Hybrid5_4	Hybrid5
Hybrid5_5	Hybrid5
HG00141_NYGC	Hybrid6
Hybrid6_1	Hybrid6
Hybrid6_2	Hybrid6
Hybrid6_3	Hybrid6
Hybrid6_4	Hybrid6
Hybrid6_5	Hybrid6
HG01108_NYGC	WholeDel3
HG00334_NYGC	WholeDup2
HG00628_NYGC	WholeDup2
HG00436_NYGC	Hybrid1
HG00381_NYGC	Hybrid2
HG01067_NYGC	Hybrid2
HG01072_NYGC	Hybrid2
HG01102_NYGC	Hybrid2
HG01104_NYGC	Hybrid2
HG01198_NYGC	Hybrid2
HG01242_NYGC	Hybrid2
HG01054_NYGC	Hybrid4
HG01461_NYGC	Hybrid4
HG00625_NYGC	ParalogWholeDel1
ParalogWholeDel1_1	ParalogWholeDel1
ParalogWholeDel1_2	ParalogWholeDel1
ParalogWholeDel1_3	ParalogWholeDel1
ParalogWholeDel1_4	ParalogWholeDel1
ParalogWholeDel1_5	ParalogWholeDel1
HG01598_NYGC	WholeDel1Hom
HG01841_NYGC	WholeDel1Hom
HG01859_NYGC	WholeDel1Hom
HG01973_NYGC	WholeDel2
HG01992_NYGC	WholeDel2
HG01510_NYGC	WholeDel3
HG01571_NYGC	WholeDup1
HG01695_NYGC	WholeDup1
HG01923_NYGC	WholeDup1
HG01707_NYGC	WholeDup2
HG01515_NYGC	Hybrid2
HG01530_NYGC	Hybrid2
HG01757_NYGC	Hybrid2
HG01926_NYGC	Hybrid2
HG01518_NYGC	Hybrid6
HG02081_NYGC	Unknown1
Unknown1_1	Unknown1
Unknown1_2	Unknown1
Unknown1_3	Unknown1
Unknown1_4	Unknown1
Unknown1_5	Unknown1
HG03809_NYGC	WholeDel2
HG03953_NYGC	WholeDel2
HG01392_NYGC	WholeDel3
HG02481_NYGC	WholeDup2
HG03744_NYGC	WholeDup2
HG03746_NYGC	WholeDup2
HG04042_NYGC	WholeDup2
HG01486_NYGC	WholeDup3
HG01311_NYGC	Hybrid2
HG03898_NYGC	Hybrid2
HG01326_NYGC	Hybrid3
HG03770_NYGC	Hybrid3
Hybrid3_7	Hybrid3
Hybrid3_8	Hybrid3
Hybrid3_9	Hybrid3
Hybrid3_10	Hybrid3
Hybrid3_11	Hybrid3
HG02688_NYGC	WholeDel2
HG02728_NYGC	WholeDel2
HG02854_NYGC	WholeDel3
HG03129_NYGC	WholeDel3
HG03258_NYGC	WholeDel3
HG03449_NYGC	WholeDel3
HG03485_NYGC	WholeDel3
HG02811_NYGC	WholeDup1
HG02820_NYGC	WholeDup1
HG03135_NYGC	WholeDup1
HG03342_NYGC	WholeDup1
HG03830_NYGC	WholeDup2
HG02798_NYGC	WholeDup3
HG02032_NYGC	WholeDel1Hom
HG02522_NYGC	WholeDel1Hom
HG02314_NYGC	WholeDel3
HG02511_NYGC	WholeDel3
HG02629_NYGC	WholeDel3
HG01879_NYGC	WholeDup1
HG01890_NYGC	WholeDup1
HG02009_NYGC	WholeDup1
HG02537_NYGC	WholeDup1
HG01958_NYGC	WholeDup3
HG02054_NYGC	WholeDup3
HG02449_NYGC	WholeDup3
HG02231_NYGC	Hybrid2
HG02442_NYGC	Hybrid3
HG02397_NYGC	Hybrid7
HG02382_NYGC	Hybrid7
Hybrid7_1	Hybrid7
Hybrid7_2	Hybrid7
Hybrid7_3	Hybrid7
Hybrid7_4	Hybrid7
Hybrid7_5	Hybrid7
HG02775_NYGC	WholeDel2
HG01767_NYGC	WholeDel3
HG02941_NYGC	WholeDel3
HG03774_NYGC	WholeDel3
HG03868_NYGC	WholeDel3
HG02651_NYGC	Hybrid2
HG03604_NYGC	Hybrid2
HG03660_NYGC	Hybrid2
HG04094_NYGC	Hybrid2
HG02760_NYGC	Hybrid2
HG04214_NYGC	Tandem2
Tandem2_1	Tandem2
Tandem2_2	Tandem2
Tandem2_3	Tandem2
Tandem2_4	Tandem2
Tandem2_5	Tandem2