	Sample	CNV
1	NA18855_PyPGx	Normal
2	NA18617_PyPGx	Deletion1Het
3	NA19908_PyPGx	Normal
4	NA18973_PyPGx	Deletion1Hom
5	NA12003_PyPGx	Normal
6	NA18519_PyPGx	Normal
7	NA19917_PyPGx	Normal
8	NA19920_PyPGx	Normal
9	NA18868_PyPGx	Normal
10	NA12813_PyPGx	Normal
11	NA20296_PyPGx	Normal
12	NA12717_PyPGx	Normal
13	NA18484_PyPGx	Normal
14	NA19178_PyPGx	Normal
15	NA18564_PyPGx	Normal
16	NA12145_PyPGx	Normal
17	NA18861_PyPGx	Duplication1
18	HG00436_PyPGx	Hybrid1
19	NA18552_PyPGx	Normal
20	NA12006_PyPGx	Normal
21	NA19239_PyPGx	Normal
22	NA12156_PyPGx	Normal
23	NA19147_PyPGx	Normal
24	NA19095_PyPGx	Normal
25	NA18980_PyPGx	Normal
26	NA19207_PyPGx	Normal
27	NA18526_PyPGx	Normal
28	NA18959_PyPGx	Deletion1Het
29	NA19109_PyPGx	Normal
30	NA18952_PyPGx	Deletion1Hom
31	NA19789_PyPGx	Normal
32	NA19122_PyPGx	Normal
33	NA19819_PyPGx	Normal
34	NA19213_PyPGx	Normal
35	NA19174_PyPGx	Normal
36	NA20509_PyPGx	Normal
37	NA18992_PyPGx	Normal
38	NA18565_PyPGx	Deletion1Het
39	NA18524_PyPGx	Normal
40	NA18942_PyPGx	Deletion1Het
41	NA19176_PyPGx	Normal
42	NA18509_PyPGx	Normal
43	NA19226_PyPGx	Normal
44	NA12873_PyPGx	Normal
45	NA19143_PyPGx	Normal
46	NA18518_PyPGx	Normal
47	NA21781_PyPGx	Normal
48	NA19003_PyPGx	Normal
49	NA18544_PyPGx	Normal
50	NA18540_PyPGx	Normal
51	4704_PyPGx	Deletion1Hom
52	4744_PyPGx	Deletion1Hom
53	4802_PyPGx	Deletion1Hom
54	4803_PyPGx	Deletion1Hom
55	4815_PyPGx	Deletion1Hom
56	4701_PyPGx	Deletion1Het
57	4703_PyPGx	Deletion1Het
58	4705_PyPGx	Deletion1Het
59	4712_PyPGx	Deletion1Het
60	4721_PyPGx	Deletion1Het
61	4725_PyPGx	Deletion1Het
62	4738_PyPGx	Deletion2Het
63	4742_PyPGx	Deletion1Het
64	4743_PyPGx	Deletion1Het
65	4746_PyPGx	Deletion1Het
66	4755_PyPGx	Deletion1Het
67	4760_PyPGx	Deletion1Het
68	4763_PyPGx	Deletion1Het
69	4767_PyPGx	Deletion1Het
70	4771_PyPGx	Deletion1Het
71	4783_PyPGx	Deletion1Het
72	4797_PyPGx	Deletion1Het
73	4798_PyPGx	Deletion1Het
74	4801_PyPGx	Deletion1Het
75	4814_PyPGx	Deletion1Het
76	4821_PyPGx	Deletion1Het
77	4830_PyPGx	Deletion1Het
78	4831_PyPGx	Deletion1Het
79	4832_PyPGx	Deletion1Het
80	4833_PyPGx	Deletion1Het
81	4839_PyPGx	Deletion1Het
82	4841_PyPGx	Deletion1Het
83	4846_PyPGx	Deletion1Het
84	4852_PyPGx	Deletion1Het
85	4853_PyPGx	Deletion1Het
86	4858_PyPGx	Deletion1Het
87	4859_PyPGx	Deletion1Het
88	4863_PyPGx	Deletion1Het
89	4866_PyPGx	Deletion1Het
90	4871_PyPGx	Deletion1Het
91	4878_PyPGx	Deletion1Het
92	4899_PyPGx	Deletion1Het
93	4922_PyPGx	Deletion1Het
94	4933_PyPGx	Deletion1Het
95	4935_PyPGx	Deletion1Het
96	4939_PyPGx	Deletion1Het
97	4945_PyPGx	Deletion1Het
98	4947_PyPGx	Deletion1Het
99	4962_PyPGx	Deletion1Het
100	4963_PyPGx	Deletion1Het
101	4970_PyPGx	Deletion1Het
102	4979_PyPGx	Deletion1Het
103	4982_PyPGx	Deletion1Het
104	Deletion2Het_1	Deletion2Het
105	Deletion2Het_2	Deletion2Het
106	Deletion2Het_3	Deletion2Het
107	Deletion2Het_4	Deletion2Het
108	Deletion2Het_5	Deletion2Het
109	NA18488_NYGC	Deletion3Het
110	NA19119_NYGC	Deletion3Het
111	NA19204_NYGC	Deletion3Het
112	NA12750_NYGC	Deletion1Het
113	NA18534_NYGC	Deletion1Het
114	NA18537_NYGC	Deletion1Het
115	NA18543_NYGC	Deletion1Het
116	NA18562_NYGC	Deletion1Het
117	NA18599_NYGC	Deletion1Het
118	NA18605_NYGC	Deletion1Het
119	NA18611_NYGC	Deletion1Het
120	NA18616_NYGC	Deletion1Het
121	NA18617_NYGC	Deletion1Het
122	NA18619_NYGC	Deletion1Het
123	NA18627_NYGC	Deletion1Het
124	NA18952_NYGC	Deletion1Hom
125	NA11829_NYGC	Hybrid2
126	NA12286_NYGC	Hybrid2
127	NA12347_NYGC	Hybrid2
128	NA12400_NYGC	Hybrid2
129	NA12812_NYGC	Hybrid2
130	NA18516_NYGC	Hybrid3
131	Hybrid3_1	Hybrid3
132	Hybrid3_2	Hybrid3
133	Hybrid3_3	Hybrid3
134	Hybrid3_4	Hybrid3
135	Hybrid3_5	Hybrid3
136	Deletion3Het_1	Deletion3Het
137	Deletion3Het_2	Deletion3Het
138	Deletion3Het_3	Deletion3Het
139	Deletion3Het_4	Deletion3Het
140	Deletion3Het_5	Deletion3Het
141	NA06984_NYGC	Normal
142	NA06986_NYGC	Normal
143	NA06989_NYGC	Normal
144	NA06994_NYGC	Normal
145	NA07000_NYGC	Normal
146	NA07037_NYGC	Normal
147	NA07051_NYGC	Normal
148	NA07056_NYGC	Normal
149	NA07347_NYGC	Normal
150	NA07357_NYGC	Normal
151	NA10847_NYGC	Normal
152	NA10851_NYGC	Normal
153	NA11830_NYGC	Normal
154	NA11831_NYGC	Normal
155	NA11832_NYGC	Normal
156	NA11840_NYGC	Normal
157	NA11843_NYGC	Normal
158	NA11881_NYGC	Normal
159	NA11892_NYGC	Normal
160	NA11893_NYGC	Normal
161	NA11894_NYGC	Normal
162	NA11918_NYGC	Normal
163	NA11919_NYGC	Normal
164	NA11920_NYGC	Normal
165	NA11930_NYGC	Normal
166	NA11931_NYGC	Normal
167	NA11992_NYGC	Normal
168	NA11994_NYGC	Normal
169	NA11995_NYGC	Normal
170	NA12003_NYGC	Normal
171	NA12004_NYGC	Normal
172	NA12005_NYGC	Normal
173	NA12006_NYGC	Normal
174	NA12043_NYGC	Normal
175	NA12044_NYGC	Normal
176	NA12045_NYGC	Normal
177	NA12058_NYGC	Normal
178	NA12144_NYGC	Normal
179	NA12154_NYGC	Normal
180	NA12155_NYGC	Normal
181	NA12156_NYGC	Normal
182	NA12234_NYGC	Normal
183	NA12249_NYGC	Normal
184	NA12272_NYGC	Normal
185	NA12273_NYGC	Normal
186	NA12275_NYGC	Normal
187	NA12282_NYGC	Normal
188	NA12283_NYGC	Normal
189	NA12287_NYGC	Normal
190	NA12340_NYGC	Normal
191	NA12341_NYGC	Normal
192	NA12348_NYGC	Normal
193	NA12383_NYGC	Normal
194	NA12399_NYGC	Normal
195	NA12413_NYGC	Normal
196	NA12414_NYGC	Normal
197	NA12489_NYGC	Normal
198	NA12716_NYGC	Normal
199	NA12717_NYGC	Normal
200	NA12718_NYGC	Normal
201	NA12748_NYGC	Normal
202	NA12749_NYGC	Normal
203	NA12751_NYGC	Normal
204	NA12760_NYGC	Normal
205	NA12761_NYGC	Normal
206	NA12762_NYGC	Normal
207	NA12763_NYGC	Normal
208	NA12775_NYGC	Normal
209	NA12776_NYGC	Normal
210	NA12777_NYGC	Normal
211	NA12778_NYGC	Normal
212	NA12813_NYGC	Normal
213	NA12814_NYGC	Normal
214	NA12827_NYGC	Normal
215	NA12828_NYGC	Normal
216	NA12829_NYGC	Normal
217	NA12842_NYGC	Normal
218	NA12843_NYGC	Normal
219	NA12872_NYGC	Normal
220	NA12873_NYGC	Normal
221	PseudogeneDuplication_1	PseudogeneDuplication
222	PseudogeneDuplication_2	PseudogeneDuplication
223	PseudogeneDuplication_3	PseudogeneDuplication
224	PseudogeneDuplication_4	PseudogeneDuplication
225	PseudogeneDuplication_5	PseudogeneDuplication
226	Duplication2_1	Duplication2
227	Duplication2_2	Duplication2
228	Duplication2_3	Duplication2
229	Duplication2_4	Duplication2
230	Duplication2_5	Duplication2
231	Duplication3_1	Duplication3
232	Duplication3_2	Duplication3
233	Duplication3_3	Duplication3
234	Duplication3_4	Duplication3
235	Duplication3_5	Duplication3
236	NA18861_NYGC	Duplication1
237	NA19116_NYGC	Duplication1
238	Duplication1_1	Duplication1
239	Duplication1_2	Duplication1
240	Duplication1_3	Duplication1
241	Duplication1_4	Duplication1
242	Duplication1_5	Duplication1
243	Hybrid1_1	Hybrid1
244	Hybrid1_2	Hybrid1
245	Hybrid1_3	Hybrid1
246	Hybrid1_4	Hybrid1
247	Hybrid1_5	Hybrid1
248	NA06985_NYGC	PseudogeneDuplication
249	NA12342_NYGC	Duplication2
250	NA19129_NYGC	Duplication3
251	NA18984_NYGC	Deletion2Het
252	NA19067_NYGC	Deletion2Het
253	NA18865_NYGC	Deletion3Het
254	NA18933_NYGC	Deletion3Het
255	NA19020_NYGC	Deletion3Het
256	NA19024_NYGC	Deletion3Het
257	NA19036_NYGC	Deletion3Het
258	NA19096_NYGC	Deletion3Het
259	NA19149_NYGC	Deletion3Het
260	NA19235_NYGC	Deletion3Het
261	NA19401_NYGC	Duplication1