	CNV
NA18855_PyPGx	Normal
NA18617_PyPGx	Deletion1Het
NA19908_PyPGx	Normal
NA18973_PyPGx	Deletion1Hom
NA12003_PyPGx	Normal
NA18519_PyPGx	Normal
NA19917_PyPGx	Normal
NA19920_PyPGx	Normal
NA18868_PyPGx	Normal
NA12813_PyPGx	Normal
NA20296_PyPGx	Normal
NA12717_PyPGx	Normal
NA18484_PyPGx	Normal
NA19178_PyPGx	Normal
NA18564_PyPGx	Normal
NA12145_PyPGx	Normal
NA18861_PyPGx	Duplication1
HG00436_PyPGx	Hybrid1
NA18552_PyPGx	Normal
NA12006_PyPGx	Normal
NA19239_PyPGx	Normal
NA12156_PyPGx	Normal
NA19147_PyPGx	Normal
NA19095_PyPGx	Normal
NA18980_PyPGx	Normal
NA19207_PyPGx	Normal
NA18526_PyPGx	Normal
NA18959_PyPGx	Deletion1Het
NA19109_PyPGx	Normal
NA18952_PyPGx	Deletion1Hom
NA19789_PyPGx	Normal
NA19122_PyPGx	Normal
NA19819_PyPGx	Normal
NA19213_PyPGx	Normal
NA19174_PyPGx	Normal
NA20509_PyPGx	Normal
NA18992_PyPGx	Normal
NA18565_PyPGx	Deletion1Het
NA18524_PyPGx	Normal
NA18942_PyPGx	Deletion1Het
NA19176_PyPGx	Normal
NA18509_PyPGx	Normal
NA19226_PyPGx	Normal
NA12873_PyPGx	Normal
NA19143_PyPGx	Normal
NA18518_PyPGx	Normal
NA21781_PyPGx	Normal
NA19003_PyPGx	Normal
NA18544_PyPGx	Normal
NA18540_PyPGx	Normal
4704_PyPGx	Deletion1Hom
4744_PyPGx	Deletion1Hom
4802_PyPGx	Deletion1Hom
4803_PyPGx	Deletion1Hom
4815_PyPGx	Deletion1Hom
4701_PyPGx	Deletion1Het
4703_PyPGx	Deletion1Het
4705_PyPGx	Deletion1Het
4712_PyPGx	Deletion1Het
4721_PyPGx	Deletion1Het
4725_PyPGx	Deletion1Het
4738_PyPGx	Deletion2Het
4742_PyPGx	Deletion1Het
4743_PyPGx	Deletion1Het
4746_PyPGx	Deletion1Het
4755_PyPGx	Deletion1Het
4760_PyPGx	Deletion1Het
4763_PyPGx	Deletion1Het
4767_PyPGx	Deletion1Het
4771_PyPGx	Deletion1Het
4783_PyPGx	Deletion1Het
4797_PyPGx	Deletion1Het
4798_PyPGx	Deletion1Het
4801_PyPGx	Deletion1Het
4814_PyPGx	Deletion1Het
4821_PyPGx	Deletion1Het
4830_PyPGx	Deletion1Het
4831_PyPGx	Deletion1Het
4832_PyPGx	Deletion1Het
4833_PyPGx	Deletion1Het
4839_PyPGx	Deletion1Het
4841_PyPGx	Deletion1Het
4846_PyPGx	Deletion1Het
4852_PyPGx	Deletion1Het
4853_PyPGx	Deletion1Het
4858_PyPGx	Deletion1Het
4859_PyPGx	Deletion1Het
4863_PyPGx	Deletion1Het
4866_PyPGx	Deletion1Het
4871_PyPGx	Deletion1Het
4878_PyPGx	Deletion1Het
4899_PyPGx	Deletion1Het
4922_PyPGx	Deletion1Het
4933_PyPGx	Deletion1Het
4935_PyPGx	Deletion1Het
4939_PyPGx	Deletion1Het
4945_PyPGx	Deletion1Het
4947_PyPGx	Deletion1Het
4962_PyPGx	Deletion1Het
4963_PyPGx	Deletion1Het
4970_PyPGx	Deletion1Het
4979_PyPGx	Deletion1Het
4982_PyPGx	Deletion1Het
Deletion2Het_1	Deletion2Het
Deletion2Het_2	Deletion2Het
Deletion2Het_3	Deletion2Het
Deletion2Het_4	Deletion2Het
Deletion2Het_5	Deletion2Het
NA18488_NYGC	Deletion3Het
NA19119_NYGC	Deletion3Het
NA19204_NYGC	Deletion3Het
NA12750_NYGC	Deletion1Het
NA18534_NYGC	Deletion1Het
NA18537_NYGC	Deletion1Het
NA18543_NYGC	Deletion1Het
NA18562_NYGC	Deletion1Het
NA18599_NYGC	Deletion1Het
NA18605_NYGC	Deletion1Het
NA18611_NYGC	Deletion1Het
NA18616_NYGC	Deletion1Het
NA18617_NYGC	Deletion1Het
NA18619_NYGC	Deletion1Het
NA18627_NYGC	Deletion1Het
NA18952_NYGC	Deletion1Hom
NA11829_NYGC	Hybrid2
NA12286_NYGC	Hybrid2
NA12347_NYGC	Hybrid2
NA12400_NYGC	Hybrid2
NA12812_NYGC	Hybrid2
NA18516_NYGC	Hybrid3
Hybrid3_1	Hybrid3
Hybrid3_2	Hybrid3
Hybrid3_3	Hybrid3
Hybrid3_4	Hybrid3
Hybrid3_5	Hybrid3
Deletion3Het_1	Deletion3Het
Deletion3Het_2	Deletion3Het
Deletion3Het_3	Deletion3Het
Deletion3Het_4	Deletion3Het
Deletion3Het_5	Deletion3Het
NA06984_NYGC	Normal
NA06986_NYGC	Normal
NA06989_NYGC	Normal
NA06994_NYGC	Normal
NA07000_NYGC	Normal
NA07037_NYGC	Normal
NA07051_NYGC	Normal
NA07056_NYGC	Normal
NA07347_NYGC	Normal
NA07357_NYGC	Normal
NA10847_NYGC	Normal
NA10851_NYGC	Normal
NA11830_NYGC	Normal
NA11831_NYGC	Normal
NA11832_NYGC	Normal
NA11840_NYGC	Normal
NA11843_NYGC	Normal
NA11881_NYGC	Normal
NA11892_NYGC	Normal
NA11893_NYGC	Normal
NA11894_NYGC	Normal
NA11918_NYGC	Normal
NA11919_NYGC	Normal
NA11920_NYGC	Normal
NA11930_NYGC	Normal
NA11931_NYGC	Normal
NA11992_NYGC	Normal
NA11994_NYGC	Normal
NA11995_NYGC	Normal
NA12003_NYGC	Normal
NA12004_NYGC	Normal
NA12005_NYGC	Normal
NA12006_NYGC	Normal
NA12043_NYGC	Normal
NA12044_NYGC	Normal
NA12045_NYGC	Normal
NA12058_NYGC	Normal
NA12144_NYGC	Normal
NA12154_NYGC	Normal
NA12155_NYGC	Normal
NA12156_NYGC	Normal
NA12234_NYGC	Normal
NA12249_NYGC	Normal
NA12272_NYGC	Normal
NA12273_NYGC	Normal
NA12275_NYGC	Normal
NA12282_NYGC	Normal
NA12283_NYGC	Normal
NA12287_NYGC	Normal
NA12340_NYGC	Normal
NA12341_NYGC	Normal
NA12348_NYGC	Normal
NA12383_NYGC	Normal
NA12399_NYGC	Normal
NA12413_NYGC	Normal
NA12414_NYGC	Normal
NA12489_NYGC	Normal
NA12716_NYGC	Normal
NA12717_NYGC	Normal
NA12718_NYGC	Normal
NA12748_NYGC	Normal
NA12749_NYGC	Normal
NA12751_NYGC	Normal
NA12760_NYGC	Normal
NA12761_NYGC	Normal
NA12762_NYGC	Normal
NA12763_NYGC	Normal
NA12775_NYGC	Normal
NA12776_NYGC	Normal
NA12777_NYGC	Normal
NA12778_NYGC	Normal
NA12813_NYGC	Normal
NA12814_NYGC	Normal
NA12827_NYGC	Normal
NA12828_NYGC	Normal
NA12829_NYGC	Normal
NA12842_NYGC	Normal
NA12843_NYGC	Normal
NA12872_NYGC	Normal
NA12873_NYGC	Normal
PseudogeneDuplication_1	PseudogeneDuplication
PseudogeneDuplication_2	PseudogeneDuplication
PseudogeneDuplication_3	PseudogeneDuplication
PseudogeneDuplication_4	PseudogeneDuplication
PseudogeneDuplication_5	PseudogeneDuplication
Duplication2_1	Duplication2
Duplication2_2	Duplication2
Duplication2_3	Duplication2
Duplication2_4	Duplication2
Duplication2_5	Duplication2
Duplication3_1	Duplication3
Duplication3_2	Duplication3
Duplication3_3	Duplication3
Duplication3_4	Duplication3
Duplication3_5	Duplication3
NA18861_NYGC	Duplication1
NA19116_NYGC	Duplication1
Duplication1_1	Duplication1
Duplication1_2	Duplication1
Duplication1_3	Duplication1
Duplication1_4	Duplication1
Duplication1_5	Duplication1
Hybrid1_1	Hybrid1
Hybrid1_2	Hybrid1
Hybrid1_3	Hybrid1
Hybrid1_4	Hybrid1
Hybrid1_5	Hybrid1
NA06985_NYGC	PseudogeneDuplication
NA12342_NYGC	Duplication2
NA19129_NYGC	Duplication3
NA18984_NYGC	Deletion2Het
NA19067_NYGC	Deletion2Het
NA18865_NYGC	Deletion3Het
NA18933_NYGC	Deletion3Het
NA19020_NYGC	Deletion3Het
NA19024_NYGC	Deletion3Het
NA19036_NYGC	Deletion3Het
NA19096_NYGC	Deletion3Het
NA19149_NYGC	Deletion3Het
NA19235_NYGC	Deletion3Het
NA19401_NYGC	Duplication1
NA20861_NYGC	Deletion2Het
NA19466_NYGC	Deletion3Het
NA20289_NYGC	Deletion3Het
NA20828_NYGC	Tandem
Tandem_1	Tandem
Tandem_2	Tandem
Tandem_3	Tandem
Tandem_4	Tandem
Tandem_5	Tandem
NA19658_NYGC	Duplication3
NA20340_NYGC	Duplication3
NA19655_NYGC	Hybrid2
NA20533_NYGC	Hybrid2
NA20539_NYGC	Hybrid2
NA20804_NYGC	Hybrid2
NA20805_NYGC	Hybrid2
NA19780_NYGC	Hybrid2Hom
Hybrid2Hom_1	Hybrid2Hom
Hybrid2Hom_2	Hybrid2Hom
Hybrid2Hom_3	Hybrid2Hom
Hybrid2Hom_4	Hybrid2Hom
Hybrid2Hom_5	Hybrid2Hom
NA20810_NYGC	PseudogeneDuplication
NA20515_NYGC	Hybrid4
Hybrid4_1	Hybrid4
Hybrid4_2	Hybrid4
Hybrid4_3	Hybrid4
Hybrid4_4	Hybrid4
Hybrid4_5	Hybrid4
NA20801_NYGC	Hybrid4
HG00448_NYGC	Deletion1Hom
NA20896_NYGC	Deletion2Het
NA21137_NYGC	Deletion2Het
NA21098_NYGC	Deletion3Het
HG00345_NYGC	Duplication2
HG00105_NYGC	Hybrid2
HG00109_NYGC	Hybrid2
HG00313_NYGC	Hybrid2
NA20890_NYGC	Hybrid2
NA20910_NYGC	Hybrid2
NA21105_NYGC	Hybrid2
NA21119_NYGC	Hybrid2
HG00239_NYGC	PseudogeneDuplication
NA21093_NYGC	Deletion2Hom
Deletion2Hom_1	Deletion2Hom
Deletion2Hom_2	Deletion2Hom
Deletion2Hom_3	Deletion2Hom
Deletion2Hom_4	Deletion2Hom
Deletion2Hom_5	Deletion2Hom
HG00155_NYGC	Hybrid5
Hybrid5_1	Hybrid5
Hybrid5_2	Hybrid5
Hybrid5_3	Hybrid5
Hybrid5_4	Hybrid5
Hybrid5_5	Hybrid5
HG00141_NYGC	Hybrid6
Hybrid6_1	Hybrid6
Hybrid6_2	Hybrid6
Hybrid6_3	Hybrid6
Hybrid6_4	Hybrid6
Hybrid6_5	Hybrid6
HG01108_NYGC	Deletion3Het
HG00334_NYGC	Duplication2
HG00628_NYGC	Duplication2
HG00436_NYGC	Hybrid1
HG00381_NYGC	Hybrid2
HG01067_NYGC	Hybrid2
HG01072_NYGC	Hybrid2
HG01102_NYGC	Hybrid2
HG01104_NYGC	Hybrid2
HG01198_NYGC	Hybrid2
HG01242_NYGC	Hybrid2
HG01054_NYGC	Hybrid4
HG01461_NYGC	Hybrid4
HG00625_NYGC	PseudogeneDeletion
PseudogeneDeletion_1	PseudogeneDeletion
PseudogeneDeletion_2	PseudogeneDeletion
PseudogeneDeletion_3	PseudogeneDeletion
PseudogeneDeletion_4	PseudogeneDeletion
PseudogeneDeletion_5	PseudogeneDeletion
HG01598_NYGC	Deletion1Hom
HG01841_NYGC	Deletion1Hom
HG01859_NYGC	Deletion1Hom
HG01973_NYGC	Deletion2Het
HG01992_NYGC	Deletion2Het
HG01510_NYGC	Deletion3Het
HG01571_NYGC	Duplication1
HG01695_NYGC	Duplication1
HG01923_NYGC	Duplication1
HG01707_NYGC	Duplication2
HG01515_NYGC	Hybrid2
HG01530_NYGC	Hybrid2
HG01757_NYGC	Hybrid2
HG01926_NYGC	Hybrid2
HG01518_NYGC	Hybrid6
HG02081_NYGC	Unknown1
Unknown1_1	Unknown1
Unknown1_2	Unknown1
Unknown1_3	Unknown1
Unknown1_4	Unknown1
Unknown1_5	Unknown1
HG03809_NYGC	Deletion2Het
HG03953_NYGC	Deletion2Het
HG01392_NYGC	Deletion3Het
HG02481_NYGC	Duplication2
HG03744_NYGC	Duplication2
HG03746_NYGC	Duplication2
HG04042_NYGC	Duplication2
HG01486_NYGC	Duplication3
HG01311_NYGC	Hybrid2
HG03898_NYGC	Hybrid2
HG01326_NYGC	Hybrid3
HG03770_NYGC	Hybrid3
Hybrid3_7	Hybrid3
Hybrid3_8	Hybrid3
Hybrid3_9	Hybrid3
Hybrid3_10	Hybrid3
Hybrid3_11	Hybrid3
HG02688_NYGC	Deletion2Het
HG02728_NYGC	Deletion2Het
HG02854_NYGC	Deletion3Het
HG03129_NYGC	Deletion3Het
HG03258_NYGC	Deletion3Het
HG03449_NYGC	Deletion3Het
HG03485_NYGC	Deletion3Het
HG02811_NYGC	Duplication1
HG02820_NYGC	Duplication1
HG03135_NYGC	Duplication1
HG03342_NYGC	Duplication1
HG03830_NYGC	Duplication2
HG02798_NYGC	Duplication3
HG02032_NYGC	Deletion1Hom
HG02522_NYGC	Deletion1Hom
HG02314_NYGC	Deletion3Het
HG02511_NYGC	Deletion3Het
HG02629_NYGC	Deletion3Het
HG01879_NYGC	Duplication1
HG01890_NYGC	Duplication1
HG02009_NYGC	Duplication1
HG02537_NYGC	Duplication1
HG01958_NYGC	Duplication3
HG02054_NYGC	Duplication3
HG02449_NYGC	Duplication3
HG02231_NYGC	Hybrid2
HG02442_NYGC	Hybrid3
HG02397_NYGC	Hybrid7
HG02382_NYGC	Hybrid7
Hybrid7_1	Hybrid7
Hybrid7_2	Hybrid7
Hybrid7_3	Hybrid7
Hybrid7_4	Hybrid7
Hybrid7_5	Hybrid7
HG02775_NYGC	Deletion2Het
HG01767_NYGC	Deletion3Het
HG02941_NYGC	Deletion3Het
HG03774_NYGC	Deletion3Het
HG03868_NYGC	Deletion3Het
HG02651_NYGC	Hybrid2
HG03604_NYGC	Hybrid2
HG03660_NYGC	Hybrid2
HG04094_NYGC	Hybrid2
HG02760_NYGC	Hybrid2
HG04214_NYGC	Tandem2
Tandem2_1	Tandem2
Tandem2_2	Tandem2
Tandem2_3	Tandem2
Tandem2_4	Tandem2
Tandem2_5	Tandem2