	CNV
HG00276_PyPGx	Normal
HG00436_PyPGx	Normal
HG00589_PyPGx	Normal
HG01190_PyPGx	Normal
NA06991_PyPGx	Normal
NA07000_PyPGx	Normal
NA07019_PyPGx	Normal
NA07029_PyPGx	Normal
NA07055_PyPGx	Normal
NA07056_PyPGx	Normal
NA07348_PyPGx	Normal
NA07357_PyPGx	Normal
NA10831_PyPGx	Normal
NA10847_PyPGx	Normal
NA10851_PyPGx	Normal
NA10854_PyPGx	Normal
NA11832_PyPGx	Normal
NA11839_PyPGx	Normal
NA11993_PyPGx	Normal
NA12003_PyPGx	Normal
NA12006_PyPGx	Normal
NA12145_PyPGx	Normal
NA12156_PyPGx	Normal
NA12717_PyPGx	Normal
NA12813_PyPGx	Normal
NA12873_PyPGx	Normal
NA18484_PyPGx	Normal
NA18509_PyPGx	Normal
NA18518_PyPGx	Normal
NA18519_PyPGx	Normal
NA18524_PyPGx	Normal
NA18526_PyPGx	Normal
NA18540_PyPGx	Normal
NA18544_PyPGx	Normal
NA18552_PyPGx	Normal
NA18564_PyPGx	Normal
NA18565_PyPGx	Normal
NA18617_PyPGx	Normal
NA18855_PyPGx	Normal
NA18861_PyPGx	Normal
NA18868_PyPGx	Normal
NA18942_PyPGx	Normal
NA18952_PyPGx	Normal
NA18959_PyPGx	Normal
NA18966_PyPGx	Normal
NA18973_PyPGx	Normal
NA18980_PyPGx	Normal
NA18992_PyPGx	Normal
NA19003_PyPGx	Normal
NA19178_PyPGx	Hybrid
NA18507_NYGC	Hybrid
NA18871_NYGC	Hybrid
NA19190_NYGC	Duplication
Hybrid_1	Hybrid
Hybrid_2	Hybrid
Duplication_1	Duplication
Duplication_2	Duplication
NA19451_NYGC	Duplication
NA19452_NYGC	Duplication
NA19472_NYGC	Duplication
NA20334_NYGC	Duplication
HG01177_NYGC	Hybrid
HG01806_NYGC	Tandem
Tandem_1	Tandem
Tandem_2	Tandem
Tandem_3	Tandem
Tandem_4	Tandem
Tandem_5	Tandem
HG03784_NYGC	PartialDup
PartialDup_1	PartialDup
PartialDup_2	PartialDup
PartialDup_3	PartialDup
PartialDup_4	PartialDup
PartialDup_5	PartialDup
HG02799_NYGC	Duplication
HG02813_NYGC	Duplication
HG02953_NYGC	Duplication
HG03436_NYGC	Duplication
HG03028_NYGC	Hybrid
HG03196_NYGC	Hybrid
HG03235_NYGC	PseudogeneDel
PseudogeneDel_1	PseudogeneDel
PseudogeneDel_2	PseudogeneDel
PseudogeneDel_3	PseudogeneDel
PseudogeneDel_4	PseudogeneDel
PseudogeneDel_5	PseudogeneDel
HG02790_NYGC	PartialDup2
PartialDup2_1	PartialDup2
PartialDup2_2	PartialDup2
PartialDup2_3	PartialDup2
PartialDup2_4	PartialDup2
PartialDup2_5	PartialDup2
HG01886_NYGC	Hybrid
HG02470_NYGC	Hybrid
HG02600_NYGC	PartialDup2
HG02780_NYGC	PartialDup2
HG03640_NYGC	PartialDup2
HG04235_NYGC	PartialDup2
HG03091_NYGC	Duplication
HG03432_NYGC	Duplication