	Sample	CNV
1	HG00276_PyPGx	Normal
2	HG00436_PyPGx	Normal
3	HG00589_PyPGx	Normal
4	HG01190_PyPGx	Normal
5	NA06991_PyPGx	Normal
6	NA07000_PyPGx	Normal
7	NA07019_PyPGx	Normal
8	NA07029_PyPGx	Normal
9	NA07055_PyPGx	Normal
10	NA07056_PyPGx	Normal
11	NA07348_PyPGx	Normal
12	NA07357_PyPGx	Normal
13	NA10831_PyPGx	Normal
14	NA10847_PyPGx	Normal
15	NA10851_PyPGx	Normal
16	NA10854_PyPGx	Normal
17	NA11832_PyPGx	Normal
18	NA11839_PyPGx	Normal
19	NA11993_PyPGx	Normal
20	NA12003_PyPGx	Normal
21	NA12006_PyPGx	Normal
22	NA12145_PyPGx	Normal
23	NA12156_PyPGx	Normal
24	NA12717_PyPGx	Normal
25	NA12813_PyPGx	Normal
26	NA12873_PyPGx	Normal
27	NA18484_PyPGx	Normal
28	NA18509_PyPGx	Normal
29	NA18518_PyPGx	Normal
30	NA18519_PyPGx	Normal
31	NA18524_PyPGx	Normal
32	NA18526_PyPGx	Normal
33	NA18540_PyPGx	Normal
34	NA18544_PyPGx	Normal
35	NA18552_PyPGx	Normal
36	NA18564_PyPGx	Normal
37	NA18565_PyPGx	Normal
38	NA18617_PyPGx	Normal
39	NA18855_PyPGx	Normal
40	NA18861_PyPGx	Normal
41	NA18868_PyPGx	Normal
42	NA18942_PyPGx	Normal
43	NA18952_PyPGx	Normal
44	NA18959_PyPGx	Normal
45	NA18966_PyPGx	Normal
46	NA18973_PyPGx	Normal
47	NA18980_PyPGx	Normal
48	NA18992_PyPGx	Normal
49	NA19003_PyPGx	Normal
50	NA19178_PyPGx	Hybrid
51	NA18507_NYGC	Hybrid
52	NA18871_NYGC	Hybrid
53	NA19190_NYGC	Duplication
54	Hybrid_1	Hybrid
55	Hybrid_2	Hybrid
56	Duplication_1	Duplication
57	Duplication_2	Duplication
58	NA19451_NYGC	Duplication
59	NA19452_NYGC	Duplication
60	NA19472_NYGC	Duplication
61	NA20334_NYGC	Duplication
62	HG01177_NYGC	Hybrid