	Sample	CNV
1	NA10831_PyPGx	Normal
2	NA18855_PyPGx	Normal
3	NA18617_PyPGx	Normal
4	NA19908_PyPGx	Normal
5	NA18973_PyPGx	Normal
6	NA12003_PyPGx	Normal
7	NA18519_PyPGx	Normal
8	HG00276_PyPGx	Normal
9	NA11993_PyPGx	Normal
10	NA19917_PyPGx	Normal
11	NA19920_PyPGx	Normal
12	NA11832_PyPGx	Normal
13	NA07029_PyPGx	Normal
14	NA18868_PyPGx	Normal
15	NA12813_PyPGx	Normal
16	HG00589_PyPGx	Normal
17	NA20296_PyPGx	Normal
18	NA12717_PyPGx	Normal
19	NA07056_PyPGx	Normal
20	NA18484_PyPGx	Normal
21	NA19178_PyPGx	Hybrid
22	NA18564_PyPGx	Normal
23	NA12145_PyPGx	Normal
24	NA18861_PyPGx	Normal
25	HG00436_PyPGx	Normal
26	NA18552_PyPGx	Normal
27	NA07000_PyPGx	Normal
28	NA12006_PyPGx	Normal
29	NA19007_PyPGx	Normal
30	NA19239_PyPGx	Normal
31	NA12156_PyPGx	Normal
32	NA19147_PyPGx	Normal
33	NA19095_PyPGx	Normal
34	NA10854_PyPGx	Normal
35	NA18980_PyPGx	Normal
36	NA19207_PyPGx	Normal
37	NA18526_PyPGx	Normal
38	NA18959_PyPGx	Normal
39	NA06991_PyPGx	Normal
40	NA19109_PyPGx	Normal
41	NA18952_PyPGx	Normal
42	NA19789_PyPGx	Normal
43	HG01190_PyPGx	Normal
44	NA19122_PyPGx	Normal
45	NA19819_PyPGx	Normal
46	NA19213_PyPGx	Normal
47	NA07055_PyPGx	Normal
48	NA19174_PyPGx	Normal
49	NA20509_PyPGx	Normal
50	NA18992_PyPGx	Normal
51	Hybrid_1	Hybrid
52	Hybrid_2	Hybrid