	Sample	CNV
1	NA10831_PyPGx	Normal
2	NA18855_PyPGx	Normal
3	NA18617_PyPGx	DeletionHet
4	NA19908_PyPGx	DeletionHet
5	NA18973_PyPGx	DeletionHet
6	NA12003_PyPGx	DeletionHet
7	NA18519_PyPGx	DeletionHet
8	HG00276_PyPGx	DeletionHet
9	NA11993_PyPGx	DeletionHet
10	NA19917_PyPGx	DeletionHet
11	NA19920_PyPGx	DeletionHet
12	NA11832_PyPGx	DeletionHom
13	NA07029_PyPGx	DeletionHet
14	NA18868_PyPGx	DeletionHet
15	NA12813_PyPGx	DeletionHet
16	HG00589_PyPGx	DeletionHom
17	NA20296_PyPGx	Normal
18	NA12717_PyPGx	Normal
19	NA07056_PyPGx	DeletionHom
20	NA18484_PyPGx	DeletionHet
21	NA19178_PyPGx	DeletionHom
22	NA18564_PyPGx	DeletionHet
23	NA12145_PyPGx	DeletionHet
24	NA18861_PyPGx	DeletionHet
25	HG00436_PyPGx	DeletionHom
26	NA18552_PyPGx	DeletionHet
27	NA07000_PyPGx	DeletionHet
28	NA12006_PyPGx	Normal
29	NA19007_PyPGx	DeletionHom
30	NA19239_PyPGx	DeletionHom
31	NA12156_PyPGx	Normal
32	NA19147_PyPGx	DeletionHet
33	NA19095_PyPGx	DeletionHet
34	NA10854_PyPGx	Normal
35	NA18980_PyPGx	DeletionHet
36	NA19207_PyPGx	DeletionHom
37	NA18526_PyPGx	DeletionHom
38	NA18959_PyPGx	DeletionHet
39	NA06991_PyPGx	DeletionHet
40	NA19109_PyPGx	Normal
41	NA18952_PyPGx	Normal
42	NA19789_PyPGx	DeletionHet
43	HG01190_PyPGx	DeletionHom
44	NA19122_PyPGx	DeletionHet
45	NA19819_PyPGx	Normal
46	NA18992_PyPGx	DeletionHet
47	NA18565_PyPGx	DeletionHet
48	NA18942_PyPGx	DeletionHom
49	NA11839_PyPGx	DeletionHet
50	NA18509_PyPGx	DeletionHet