	CNV
NA10831_PyPGx	Normal
NA18855_PyPGx	Normal
NA18617_PyPGx	WholeDel1
NA19908_PyPGx	WholeDel1
NA18973_PyPGx	WholeDel1
NA12003_PyPGx	WholeDel1
NA18519_PyPGx	WholeDel1
HG00276_PyPGx	WholeDel1
NA11993_PyPGx	WholeDel1
NA19917_PyPGx	WholeDel1
NA19920_PyPGx	WholeDel1
NA11832_PyPGx	WholeDel1Hom
NA07029_PyPGx	WholeDel1
NA18868_PyPGx	WholeDel1
NA12813_PyPGx	WholeDel1
HG00589_PyPGx	WholeDel1Hom
NA20296_PyPGx	Normal
NA12717_PyPGx	Normal
NA07056_PyPGx	WholeDel1Hom
NA18484_PyPGx	WholeDel1
NA19178_PyPGx	WholeDel1Hom
NA18564_PyPGx	WholeDel1
NA12145_PyPGx	WholeDel1
NA18861_PyPGx	WholeDel1
HG00436_PyPGx	WholeDel1Hom
NA18552_PyPGx	WholeDel1
NA07000_PyPGx	WholeDel1
NA12006_PyPGx	Normal
NA19007_PyPGx	WholeDel1Hom
NA19239_PyPGx	WholeDel1Hom
NA12156_PyPGx	Normal
NA19147_PyPGx	WholeDel1
NA19095_PyPGx	WholeDel1
NA10854_PyPGx	Normal
NA18980_PyPGx	WholeDel1
NA19207_PyPGx	WholeDel1Hom
NA18526_PyPGx	WholeDel1Hom
NA18959_PyPGx	WholeDel1
NA06991_PyPGx	WholeDel1
NA19109_PyPGx	Normal
NA18952_PyPGx	Normal
NA19789_PyPGx	WholeDel1
HG01190_PyPGx	WholeDel1Hom
NA19122_PyPGx	WholeDel1
NA19819_PyPGx	Normal
NA18992_PyPGx	WholeDel1
NA18565_PyPGx	WholeDel1
NA18942_PyPGx	WholeDel1Hom
NA11839_PyPGx	WholeDel1
NA18509_PyPGx	WholeDel1