	CNV
NA10831_PyPGx	Normal
NA18855_PyPGx	Normal
NA18617_PyPGx	DeletionHet
NA19908_PyPGx	DeletionHet
NA18973_PyPGx	DeletionHet
NA12003_PyPGx	DeletionHet
NA18519_PyPGx	DeletionHet
HG00276_PyPGx	DeletionHet
NA11993_PyPGx	DeletionHet
NA19917_PyPGx	DeletionHet
NA19920_PyPGx	DeletionHet
NA11832_PyPGx	DeletionHom
NA07029_PyPGx	DeletionHet
NA18868_PyPGx	DeletionHet
NA12813_PyPGx	DeletionHet
HG00589_PyPGx	DeletionHom
NA20296_PyPGx	Normal
NA12717_PyPGx	Normal
NA07056_PyPGx	DeletionHom
NA18484_PyPGx	DeletionHet
NA19178_PyPGx	DeletionHom
NA18564_PyPGx	DeletionHet
NA12145_PyPGx	DeletionHet
NA18861_PyPGx	DeletionHet
HG00436_PyPGx	DeletionHom
NA18552_PyPGx	DeletionHet
NA07000_PyPGx	DeletionHet
NA12006_PyPGx	Normal
NA19007_PyPGx	DeletionHom
NA19239_PyPGx	DeletionHom
NA12156_PyPGx	Normal
NA19147_PyPGx	DeletionHet
NA19095_PyPGx	DeletionHet
NA10854_PyPGx	Normal
NA18980_PyPGx	DeletionHet
NA19207_PyPGx	DeletionHom
NA18526_PyPGx	DeletionHom
NA18959_PyPGx	DeletionHet
NA06991_PyPGx	DeletionHet
NA19109_PyPGx	Normal
NA18952_PyPGx	Normal
NA19789_PyPGx	DeletionHet
HG01190_PyPGx	DeletionHom
NA19122_PyPGx	DeletionHet
NA19819_PyPGx	Normal
NA18992_PyPGx	DeletionHet
NA18565_PyPGx	DeletionHet
NA18942_PyPGx	DeletionHom
NA11839_PyPGx	DeletionHet
NA18509_PyPGx	DeletionHet