	CNV
NA10831_PyPGx	Normal
NA18855_PyPGx	Normal
NA18617_PyPGx	Normal
NA18973_PyPGx	Normal
NA12003_PyPGx	Normal
NA18519_PyPGx	Normal
HG00276_PyPGx	Normal
NA11993_PyPGx	Normal
NA19917_PyPGx	Normal
NA11832_PyPGx	Normal
NA07029_PyPGx	Normal
NA12813_PyPGx	Normal
HG00589_PyPGx	Normal
NA20296_PyPGx	Normal
NA12717_PyPGx	Normal
NA07056_PyPGx	Normal
NA18484_PyPGx	Normal
NA18540_PyPGx	Normal
NA18966_PyPGx	Normal
NA19143_PyPGx	Normal
NA19908_PyPGx	Normal
NA19095_PyPGx	Normal
NA19226_PyPGx	Normal
NA18868_PyPGx	Normal
NA19178_PyPGx	Normal
NA18564_PyPGx	Normal
NA12145_PyPGx	Normal
NA18861_PyPGx	Normal
HG00436_PyPGx	Normal
NA18552_PyPGx	Normal
NA07000_PyPGx	Normal
NA12006_PyPGx	Normal
NA19007_PyPGx	Normal
NA19239_PyPGx	Normal
NA12156_PyPGx	Normal
NA10854_PyPGx	Normal
NA18980_PyPGx	Normal
NA19207_PyPGx	Normal
NA18526_PyPGx	Normal
NA18959_PyPGx	Normal
NA06991_PyPGx	Normal
NA19109_PyPGx	Normal
NA18952_PyPGx	Normal
NA19789_PyPGx	Normal
HG01190_PyPGx	Normal
NA19122_PyPGx	Normal
NA19819_PyPGx	Normal
NA19213_PyPGx	Normal
NA07055_PyPGx	Normal
NA19174_PyPGx	Normal
4824_PyPGx	DeletionHet
4855_PyPGx	DeletionHet
4858_PyPGx	DeletionHet
4881_PyPGx	DeletionHet
4935_PyPGx	DeletionHet
NA19010_NYGC	DeletionHet
NA19011_NYGC	DeletionHet
NA19054_NYGC	DeletionHet