	Sample	CNV
1	NA19908_PyPGx	Multiplication
2	NA19095_PyPGx	Duplication1
3	NA19226_PyPGx	Duplication1
4	NA18868_PyPGx	Normal
5	NA19178_PyPGx	Normal
6	NA18564_PyPGx	Normal
7	NA12145_PyPGx	Normal
8	NA18861_PyPGx	Normal
9	HG00436_PyPGx	Normal
10	NA18552_PyPGx	Normal
11	NA07000_PyPGx	Normal
12	NA12006_PyPGx	Normal
13	NA19007_PyPGx	Normal
14	NA19239_PyPGx	Normal
15	NA12156_PyPGx	Normal
16	NA10854_PyPGx	Normal
17	NA18980_PyPGx	Normal
18	NA19207_PyPGx	Normal
19	NA18526_PyPGx	Normal
20	NA18959_PyPGx	Normal
21	NA06991_PyPGx	Normal
22	NA19109_PyPGx	Normal
23	NA18952_PyPGx	Normal
24	NA19789_PyPGx	Normal
25	HG01190_PyPGx	Normal
26	NA19122_PyPGx	Normal
27	NA19819_PyPGx	Normal
28	NA19213_PyPGx	Normal
29	NA07055_PyPGx	Normal
30	NA19174_PyPGx	Normal
31	NA20509_PyPGx	Normal
32	NA18992_PyPGx	Normal
33	NA18565_PyPGx	Normal
34	NA18524_PyPGx	Normal
35	NA18942_PyPGx	Normal
36	NA11839_PyPGx	Normal
37	NA10851_PyPGx	Normal
38	NA19176_PyPGx	Normal
39	NA07357_PyPGx	Normal
40	NA07019_PyPGx	Normal
41	NA12873_PyPGx	Normal
42	NA10847_PyPGx	Normal
43	NA18518_PyPGx	Normal
44	NA21781_PyPGx	Normal
45	NA07348_PyPGx	Normal
46	NA19003_PyPGx	Normal
47	NA19143_PyPGx	PartialDuplicationHet
48	NA19920_PyPGx	PartialDuplicationHet
49	NA19147_PyPGx	PartialDuplicationHet
50	NA18509_PyPGx	PartialDuplicationHet
51	Multiplication_1	Multiplication
52	Multiplication_2	Multiplication
53	Multiplication_3	Multiplication
54	Multiplication_4	Multiplication
55	Multiplication_5	Multiplication
56	Duplication1_1	Duplication1
57	Duplication1_2	Duplication1
58	Duplication1_3	Duplication1
59	Duplication1_4	Duplication1
60	Duplication1_5	Duplication1
61	PartialDuplicationHet_1	PartialDuplicationHet
62	PartialDuplicationHet_2	PartialDuplicationHet
63	PartialDuplicationHet_3	PartialDuplicationHet
64	PartialDuplicationHet_4	PartialDuplicationHet
65	PartialDuplicationHet_5	PartialDuplicationHet
66	4997_PyPGx	Duplication1
67	4842_PyPGx	Duplication1
68	4856_PyPGx	Duplication1
69	4882_PyPGx	Duplication1
70	4928_PyPGx	Duplication1
71	NA12234_NYGC	Duplication1
72	NA12287_NYGC	Duplication1
73	NA12489_NYGC	Duplication1
74	NA18505_NYGC	Duplication1
75	NA18516_NYGC	Duplication1
76	NA18853_NYGC	Duplication1
77	NA18948_NYGC	Duplication1
78	NA19143_NYGC	PartialDuplicationHet
79	NA18511_NYGC	PartialDuplicationHet
80	NA19114_NYGC	PartialDuplicationHet
81	NA19119_NYGC	PartialDuplicationHet
82	NA19147_NYGC	PartialDuplicationHet
83	NA19153_NYGC	PartialDuplicationHet
84	NA19171_NYGC	PartialDuplicationHet
85	NA19190_NYGC	PartialDuplicationHet
86	NA18501_NYGC	Multiplication
87	NA19225_NYGC	Duplication2
88	NA06984_NYGC	Normal
89	NA06985_NYGC	Normal
90	NA06986_NYGC	Normal
91	NA06989_NYGC	Normal
92	NA06994_NYGC	Normal
93	NA07000_NYGC	Normal
94	NA07037_NYGC	Normal
95	NA07051_NYGC	Normal
96	NA07056_NYGC	Normal
97	NA07347_NYGC	Normal
98	NA07357_NYGC	Normal
99	NA10847_NYGC	Normal
100	NA10851_NYGC	Normal
101	NA11829_NYGC	Normal
102	NA11830_NYGC	Normal
103	NA11831_NYGC	Normal
104	NA11832_NYGC	Normal
105	NA11840_NYGC	Normal
106	NA11843_NYGC	Normal
107	NA11881_NYGC	Normal
108	NA11892_NYGC	Normal
109	NA11893_NYGC	Normal
110	NA11894_NYGC	Normal
111	NA11918_NYGC	Normal
112	NA11919_NYGC	Normal
113	NA11920_NYGC	Normal
114	NA11930_NYGC	Normal
115	NA11931_NYGC	Normal
116	NA11992_NYGC	Normal
117	NA11994_NYGC	Normal
118	NA11995_NYGC	Normal
119	NA12003_NYGC	Normal
120	NA12004_NYGC	Normal
121	NA12005_NYGC	Normal
122	NA12006_NYGC	Normal
123	NA12043_NYGC	Normal
124	NA12044_NYGC	Normal
125	NA12045_NYGC	Normal
126	NA12058_NYGC	Normal
127	NA12144_NYGC	Normal
128	NA12154_NYGC	Normal
129	NA12155_NYGC	Normal
130	NA12156_NYGC	Normal
131	NA12249_NYGC	Normal
132	NA12272_NYGC	Normal
133	NA12273_NYGC	Normal
134	NA12275_NYGC	Normal
135	NA12282_NYGC	Normal
136	NA12283_NYGC	Normal
137	NA12286_NYGC	Normal
138	Duplication2_1	Duplication2
139	Duplication2_2	Duplication2
140	Duplication2_3	Duplication2
141	Duplication2_4	Duplication2
142	Duplication2_5	Duplication2
143	NA18645_NYGC	Duplication1
144	NA18648_NYGC	Duplication1
145	NA19037_NYGC	Duplication1
146	NA19060_NYGC	Duplication1
147	NA19088_NYGC	Duplication1
148	NA19095_NYGC	Duplication1
149	NA19198_NYGC	Duplication1
150	NA19314_NYGC	Duplication1
151	NA19328_NYGC	Duplication1
152	NA19385_NYGC	Duplication1
153	NA18631_NYGC	Multiplication
154	NA18878_NYGC	PartialDuplicationHet
155	NA18933_NYGC	PartialDuplicationHet
156	NA19130_NYGC	PartialDuplicationHet
157	NA19184_NYGC	PartialDuplicationHet
158	NA19189_NYGC	PartialDuplicationHet
159	NA19256_NYGC	PartialDuplicationHet
160	NA19338_NYGC	PartialDuplicationHet
161	NA19394_NYGC	PartialDuplicationHet
162	NA19309_NYGC	PartialDuplicationHom
163	PartialDuplicationHom_1	PartialDuplicationHom
164	PartialDuplicationHom_2	PartialDuplicationHom
165	PartialDuplicationHom_3	PartialDuplicationHom
166	PartialDuplicationHom_4	PartialDuplicationHom
167	PartialDuplicationHom_5	PartialDuplicationHom
168	NA19701_NYGC	Duplication1
169	NA19716_NYGC	Duplication1
170	NA20356_NYGC	Duplication1
171	NA20357_NYGC	Duplication1
172	NA20763_NYGC	Duplication1
173	NA20765_NYGC	Duplication1
174	NA19908_NYGC	Multiplication
175	NA19901_NYGC	PartialDuplicationHet
176	NA19914_NYGC	PartialDuplicationHet
177	NA19920_NYGC	PartialDuplicationHet
178	NA20282_NYGC	PartialDuplicationHom
179	NA20291_NYGC	Multiplication2
180	Multiplication2_1	Multiplication2
181	Multiplication2_2	Multiplication2
182	Multiplication2_3	Multiplication2
183	Multiplication2_4	Multiplication2
184	Multiplication2_5	Multiplication2
185	HG00113_NYGC	Duplication1
186	HG00255_NYGC	Duplication1
187	HG00309_NYGC	Duplication1
188	NA20339_NYGC	Duplication1
189	NA19984_NYGC	PartialDuplicationHet
190	HG00428_NYGC	Duplication1
191	HG00458_NYGC	Duplication1
192	HG00559_NYGC	Duplication1
193	HG00590_NYGC	Duplication1
194	HG00638_NYGC	Duplication1
195	HG01052_NYGC	Duplication1
196	HG01183_NYGC	Duplication1
197	HG01271_NYGC	Duplication1
198	HG01464_NYGC	PartialDuplicationHet
199	HG01064_NYGC	Duplication1
200	HG01281_NYGC	Duplication1
201	HG01326_NYGC	Duplication1
202	HG01403_NYGC	Duplication1
203	HG01447_NYGC	Duplication1
204	HG02312_NYGC	Duplication1
205	HG02439_NYGC	Duplication1
206	HG03730_NYGC	Duplication1
207	HG03745_NYGC	Duplication1
208	HG01142_NYGC	Multiplication
209	HG01556_NYGC	PartialDuplicationHet
210	HG02476_NYGC	PartialDuplicationHet
211	HG02505_NYGC	PartialDuplicationHet