	CNV
NA18855_PyPGx	DeletionHet
NA18617_PyPGx	Tandem2B
HG00276_PyPGx	DeletionHet
NA11832_PyPGx	Tandem1A
NA18868_PyPGx	DeletionHet
NA12717_PyPGx	Normal
NA07056_PyPGx	Normal
NA18484_PyPGx	Normal
NA18564_PyPGx	Tandem2A
NA12145_PyPGx	Normal
NA18861_PyPGx	DeletionHet
HG00436_PyPGx	Duplication
NA18552_PyPGx	Normal
NA07000_PyPGx	Normal
NA12006_PyPGx	Normal
NA19239_PyPGx	Normal
NA19147_PyPGx	Normal
NA10854_PyPGx	Normal
NA19207_PyPGx	Duplication
NA18526_PyPGx	Tandem2B
NA18959_PyPGx	Tandem2A
NA06991_PyPGx	Normal
NA19109_PyPGx	Duplication
NA19789_PyPGx	Normal
HG01190_PyPGx	"DeletionHet,Tandem1A"
NA19122_PyPGx	Normal
NA19819_PyPGx	Duplication
NA19213_PyPGx	Normal
NA20509_PyPGx	Normal
NA18992_PyPGx	DeletionHet
NA18565_PyPGx	Tandem2A
NA18524_PyPGx	Tandem2B
NA18942_PyPGx	Normal
NA11839_PyPGx	Normal
NA10851_PyPGx	Normal
NA19176_PyPGx	Normal
NA18509_PyPGx	Normal
NA19226_PyPGx	Duplication
NA07357_PyPGx	Normal
NA07019_PyPGx	Normal
NA12873_PyPGx	DeletionHet
NA19143_PyPGx	Normal
NA10847_PyPGx	Normal
NA18518_PyPGx	Normal
NA21781_PyPGx	"Duplication,Tandem1A"
NA07348_PyPGx	Normal
NA19003_PyPGx	Normal
NA18544_PyPGx	Normal
NA18540_PyPGx	Tandem2B
NA18966_PyPGx	Normal
4936_PyPGx	DeletionHom
DeletionHom_1	DeletionHom
DeletionHom_2	DeletionHom
4863_PyPGx	Tandem2C
5005_PyPGx	Tandem2C
4997_PyPGx	Tandem2C
"DeletionHet,Tandem1A_1"	"DeletionHet,Tandem1A"
"DeletionHet,Tandem1A_2"	"DeletionHet,Tandem1A"
"Duplication,Tandem1A_1"	"Duplication,Tandem1A"
"Duplication,Tandem1A_2"	"Duplication,Tandem1A"
4953_PyPGx	Tandem2A
4957_PyPGx	Tandem2A
4960_PyPGx	Tandem2A
4961_PyPGx	Tandem2A
4962_PyPGx	Tandem2A
Tandem1A_1	Tandem1A
Tandem1A_2	Tandem1A
4743_PyPGx	DeletionHet
4745_PyPGx	DeletionHet
4760_PyPGx	DeletionHet
4807_PyPGx	DeletionHet
4840_PyPGx	DeletionHet
4850_PyPGx	DeletionHet
4854_PyPGx	DeletionHet
4885_PyPGx	DeletionHet
4903_PyPGx	DeletionHet
4918_PyPGx	DeletionHet
4719_PyPGx	Duplication
4727_PyPGx	Tandem2C
4759_PyPGx	Tandem2C
4705_PyPGx	Tandem2B
4706_PyPGx	Tandem2B
4707_PyPGx	Tandem2B
4737_PyPGx	Tandem2B
4751_PyPGx	Tandem2B
4764_PyPGx	Tandem2B
4768_PyPGx	Tandem2B
4772_PyPGx	Tandem2B
4777_PyPGx	Tandem2B
4802_PyPGx	Tandem2B
4812_PyPGx	Tandem2B
4819_PyPGx	Tandem2B
4828_PyPGx	Tandem2B
4832_PyPGx	Tandem2B
4839_PyPGx	Tandem2B
4846_PyPGx	Tandem2B
4856_PyPGx	Tandem2B
4873_PyPGx	Tandem2B
4876_PyPGx	Tandem2B
4906_PyPGx	Tandem2B
4701_PyPGx	Tandem2A
4714_PyPGx	Tandem2A
4718_PyPGx	Tandem2A
4721_PyPGx	Tandem2A
4725_PyPGx	Tandem2A
4733_PyPGx	Tandem2A
4734_PyPGx	Tandem2A
4739_PyPGx	Tandem2A
4746_PyPGx	Tandem2A
4750_PyPGx	Tandem2A
4754_PyPGx	Tandem2A
4756_PyPGx	Tandem2A
4757_PyPGx	Tandem2A
4773_PyPGx	Tandem2A
4784_PyPGx	Tandem2A
4790_PyPGx	Tandem2A
4797_PyPGx	Tandem2A
4804_PyPGx	Tandem2A
4808_PyPGx	Tandem2A
4810_PyPGx	Tandem2A
4813_PyPGx	Tandem2A
4814_PyPGx	Tandem2A
4818_PyPGx	Tandem2A
4820_PyPGx	Tandem2A
4821_PyPGx	Tandem2A
4824_PyPGx	Tandem2A
4825_PyPGx	Tandem2A
4826_PyPGx	Tandem2A
4829_PyPGx	Tandem2A
4830_PyPGx	Tandem2A
4831_PyPGx	Tandem2A
4833_PyPGx	Tandem2A
4834_PyPGx	Tandem2A
4843_PyPGx	Tandem2A
4844_PyPGx	Tandem2A
4847_PyPGx	Tandem2A
4849_PyPGx	Tandem2A
4852_PyPGx	Tandem2A
4857_PyPGx	Tandem2A
4858_PyPGx	Tandem2A
4864_PyPGx	Tandem2A
4865_PyPGx	Tandem2A
4872_PyPGx	Tandem2A
4874_PyPGx	Tandem2A
4875_PyPGx	Tandem2A
4883_PyPGx	Tandem2A
4887_PyPGx	Tandem2A
4888_PyPGx	Tandem2A
4890_PyPGx	Tandem2A
4891_PyPGx	Tandem2A
4897_PyPGx	Tandem2A
4898_PyPGx	Tandem2A
4900_PyPGx	Tandem2A
4901_PyPGx	Tandem2A
4904_PyPGx	Tandem2A
4908_PyPGx	Tandem2A
4817_PyPGx	Tandem3
Tandem3_1	Tandem3
Tandem3_2	Tandem3
4709_PyPGx	Normal
4710_PyPGx	Normal
4711_PyPGx	Normal
4713_PyPGx	Normal
4715_PyPGx	Normal
4717_PyPGx	Normal
4723_PyPGx	Normal
4732_PyPGx	Normal
4735_PyPGx	Normal
4738_PyPGx	Normal
4741_PyPGx	Normal
4742_PyPGx	Normal
4748_PyPGx	Normal
4752_PyPGx	Normal
4755_PyPGx	Normal
4758_PyPGx	Normal
4763_PyPGx	Normal
4765_PyPGx	Normal
4767_PyPGx	Normal
4794_PyPGx	Normal
4809_PyPGx	Normal
4811_PyPGx	Normal
4815_PyPGx	Normal
4816_PyPGx	Normal
4822_PyPGx	Normal
4823_PyPGx	Normal
4827_PyPGx	Normal
4838_PyPGx	Normal
4841_PyPGx	Normal
4842_PyPGx	Normal
4845_PyPGx	Normal
4848_PyPGx	Normal
4851_PyPGx	Normal
4853_PyPGx	Normal
4855_PyPGx	Normal
4859_PyPGx	Normal
4860_PyPGx	Normal
4861_PyPGx	Normal
4862_PyPGx	Normal
4866_PyPGx	Normal
4867_PyPGx	Normal
4868_PyPGx	Normal
4869_PyPGx	Normal
4870_PyPGx	Normal
4871_PyPGx	Normal
4877_PyPGx	Normal
4878_PyPGx	Normal
4879_PyPGx	Normal
4880_PyPGx	Normal
4881_PyPGx	Normal
4882_PyPGx	Normal
4884_PyPGx	Normal
4886_PyPGx	Normal
4892_PyPGx	Normal
4893_PyPGx	Normal
4894_PyPGx	Normal
4895_PyPGx	Normal
4896_PyPGx	Normal
4899_PyPGx	Normal
4902_PyPGx	Normal
4905_PyPGx	Normal
4909_PyPGx	Normal
4919_PyPGx	Normal
4925_PyPGx	Normal
4930_PyPGx	Normal
4943_PyPGx	Normal
4945_PyPGx	Normal
4948_PyPGx	Normal
4950_PyPGx	Normal
4955_PyPGx	Normal
4956_PyPGx	Normal
4958_PyPGx	Normal
4965_PyPGx	Normal
4966_PyPGx	Normal
4969_PyPGx	Normal
4970_PyPGx	Normal
4972_PyPGx	Normal
4975_PyPGx	Normal
4981_PyPGx	Normal
4982_PyPGx	Normal
4991_PyPGx	Normal
4992_PyPGx	Normal
4993_PyPGx	Normal
4998_PyPGx	Normal
4999_PyPGx	Normal
5000_PyPGx	Normal
NA06985_NYGC	DeletionHet
NA11829_NYGC	DeletionHet
NA11931_NYGC	DeletionHet
NA12155_NYGC	DeletionHet
NA12489_NYGC	DeletionHet
NA12873_NYGC	DeletionHet
NA18502_NYGC	DeletionHet
NA18508_NYGC	DeletionHet
NA18517_NYGC	DeletionHet
NA18853_NYGC	DeletionHet
NA18861_NYGC	DeletionHet
NA18945_NYGC	DeletionHet
NA18974_NYGC	DeletionHet
NA18975_NYGC	DeletionHet
NA19093_NYGC	DeletionHet
NA11994_NYGC	Duplication
NA12776_NYGC	Duplication
NA18507_NYGC	Duplication
NA18582_NYGC	Duplication
NA18856_NYGC	Duplication
NA18870_NYGC	Duplication
NA18907_NYGC	Duplication
NA19108_NYGC	Duplication
NA19137_NYGC	Duplication
NA19152_NYGC	Duplication
NA12154_NYGC	"Duplication,Tandem1A"
NA12778_NYGC	"Duplication,Tandem1A"
NA12275_NYGC	"Duplication,Tandem1A"
NA18909_NYGC	Multiplication
Multiplication_1	Multiplication
Multiplication_2	Multiplication
Multiplication_3	Multiplication
Multiplication_4	Multiplication
Multiplication_5	Multiplication
NA19190_NYGC	Multiplication
NA11930_NYGC	Normal
NA11995_NYGC	Normal
NA12003_NYGC	Normal
NA12004_NYGC	Normal
NA12005_NYGC	Normal
NA12006_NYGC	Normal
NA12043_NYGC	Normal
NA12044_NYGC	Normal
NA12045_NYGC	Normal
NA12058_NYGC	Normal
NA12144_NYGC	Normal
NA12156_NYGC	Normal
NA12234_NYGC	Normal
NA12249_NYGC	Normal
NA12272_NYGC	Normal
NA12273_NYGC	Normal
NA12283_NYGC	Normal
NA12286_NYGC	Normal
NA12287_NYGC	Normal
NA12340_NYGC	Normal
NA12341_NYGC	Normal
NA12342_NYGC	Normal
NA12347_NYGC	Normal
NA12348_NYGC	Normal
NA12383_NYGC	Normal
NA12399_NYGC	Normal
NA12414_NYGC	Normal
NA12716_NYGC	Normal
NA12717_NYGC	Normal
NA12718_NYGC	Normal
NA12748_NYGC	Normal
NA12749_NYGC	Normal
NA12750_NYGC	Normal
NA12751_NYGC	Normal
NA12760_NYGC	Normal
NA12761_NYGC	Normal
NA12762_NYGC	Normal
NA12763_NYGC	Normal
NA12775_NYGC	Normal
NA12777_NYGC	Normal
NA12812_NYGC	Normal
NA12813_NYGC	Normal
NA12814_NYGC	Normal
NA12815_NYGC	Normal
NA12827_NYGC	Normal
NA12828_NYGC	Normal
NA12842_NYGC	Normal
NA12843_NYGC	Normal
NA12872_NYGC	Normal
NA12874_NYGC	Normal
NA12889_NYGC	Normal
NA18486_NYGC	Normal
NA18488_NYGC	Normal
NA18489_NYGC	Normal
NA18498_NYGC	Normal
NA18499_NYGC	Normal
NA18501_NYGC	Normal
NA18504_NYGC	Normal
NA18505_NYGC	Normal
NA18510_NYGC	Normal
NA06984_NYGC	Tandem1A
NA07347_NYGC	Tandem1A
NA11832_NYGC	Tandem1A
NA12829_NYGC	Tandem1A
NA12878_NYGC	Tandem1A
NA12400_NYGC	Tandem1A
NA12282_NYGC	Tandem1B
Tandem1B_1	Tandem1B
Tandem1B_2	Tandem1B
Tandem1B_3	Tandem1B
Tandem1B_4	Tandem1B
Tandem1B_5	Tandem1B
NA12890_NYGC	Tandem1B
NA18573_NYGC	Tandem2A
NA18579_NYGC	Tandem2A
NA18592_NYGC	Tandem2A
NA18596_NYGC	Tandem2A
NA18602_NYGC	Tandem2A
NA18605_NYGC	Tandem2A
NA18609_NYGC	Tandem2A
NA18612_NYGC	Tandem2A
NA18615_NYGC	Tandem2A
NA18616_NYGC	Tandem2A
NA18618_NYGC	Tandem2A
NA18621_NYGC	Tandem2A
NA18623_NYGC	Tandem2A
NA18624_NYGC	Tandem2A
NA18947_NYGC	Tandem2A
NA18949_NYGC	Tandem2A
NA18951_NYGC	Tandem2A
NA18956_NYGC	Tandem2A
NA18959_NYGC	Tandem2A
NA18961_NYGC	Tandem2A
NA18964_NYGC	Tandem2A
NA18965_NYGC	Tandem2A
NA18967_NYGC	Tandem2A
NA18968_NYGC	Tandem2A
NA18970_NYGC	Tandem2A
NA18972_NYGC	Tandem2A
NA18976_NYGC	Tandem2A
NA18980_NYGC	Tandem2A
NA18981_NYGC	Tandem2A
NA18559_NYGC	Tandem2A
NA18595_NYGC	Tandem2A
NA18550_NYGC	Tandem2B
NA18561_NYGC	Tandem2B
NA18571_NYGC	Tandem2B
NA18599_NYGC	Tandem2B
NA18603_NYGC	Tandem2B
NA18617_NYGC	Tandem2B
NA18619_NYGC	Tandem2B
NA18625_NYGC	Tandem2B
NA18638_NYGC	Tandem2B
NA18944_NYGC	Tandem2B
NA18557_NYGC	Tandem2B
NA18593_NYGC	Tandem2B
NA18610_NYGC	Tandem2B
NA18948_NYGC	Tandem2B
NA18555_NYGC	Unknown1
Unknown1_1	Unknown1
Unknown1_2	Unknown1
Unknown1_3	Unknown1
Unknown1_4	Unknown1
Unknown1_5	Unknown1
NA11932_NYGC	DeletionHet
NA18868_NYGC	DeletionHet
NA18873_NYGC	DeletionHet
NA18910_NYGC	DeletionHet
NA18933_NYGC	DeletionHet
NA18982_NYGC	DeletionHet
NA18992_NYGC	DeletionHet
NA18997_NYGC	DeletionHet
NA19000_NYGC	DeletionHet
NA19035_NYGC	DeletionHet
NA19036_NYGC	DeletionHet
NA19074_NYGC	DeletionHet
NA19083_NYGC	DeletionHet
NA19087_NYGC	DeletionHet
NA19317_NYGC	DeletionHom
NA18923_NYGC	Duplication
NA18924_NYGC	Duplication
NA18979_NYGC	Duplication
NA19075_NYGC	Duplication
NA19121_NYGC	Duplication
NA19146_NYGC	Duplication
NA19184_NYGC	Duplication
NA19189_NYGC	Duplication
NA19308_NYGC	Duplication
NA19332_NYGC	Duplication
NA19378_NYGC	Multiplication
NA19175_NYGC	Multiplication
NA19456_NYGC	Tandem1A
NA19462_NYGC	Tandem1A
NA19017_NYGC	Tandem1B
NA18632_NYGC	Tandem2B
NA18633_NYGC	Tandem2B
NA18639_NYGC	Tandem2B
NA18642_NYGC	Tandem2B
NA18748_NYGC	Tandem2B
NA18757_NYGC	Tandem2B
NA18954_NYGC	Tandem2B
NA18985_NYGC	Tandem2B
NA19058_NYGC	Tandem2B
NA19063_NYGC	Tandem2B
NA19078_NYGC	Tandem2B
NA19082_NYGC	Tandem2B
NA19316_NYGC	PseudogeneDeletion
PseudogeneDeletion_1	PseudogeneDeletion
PseudogeneDeletion_2	PseudogeneDeletion
PseudogeneDeletion_3	PseudogeneDeletion
PseudogeneDeletion_4	PseudogeneDeletion
PseudogeneDeletion_5	PseudogeneDeletion
NA19471_NYGC	DeletionHet
NA19783_NYGC	DeletionHet
NA19921_NYGC	DeletionHet
NA20127_NYGC	DeletionHet
NA20281_NYGC	DeletionHet
NA20317_NYGC	DeletionHet
NA20357_NYGC	DeletionHet
NA20530_NYGC	DeletionHet
NA19703_NYGC	Duplication
NA19713_NYGC	Duplication
NA19723_NYGC	Duplication
NA19761_NYGC	Duplication
NA19819_NYGC	Duplication
NA19909_NYGC	Duplication
NA19920_NYGC	Duplication
NA20359_NYGC	Duplication
NA20516_NYGC	Duplication
NA20535_NYGC	Duplication
NA20586_NYGC	Duplication
NA19664_NYGC	Tandem1A
NA19681_NYGC	Tandem1A
NA19707_NYGC	Tandem1A
NA19725_NYGC	Tandem1A
NA19773_NYGC	Tandem1A
NA20507_NYGC	Tandem1A
NA20532_NYGC	Tandem1A
NA20581_NYGC	Tandem1A
NA20756_NYGC	Tandem1A
NA20763_NYGC	Tandem1A
NA20766_NYGC	Tandem1A
NA20771_NYGC	Tandem1A
NA20775_NYGC	Tandem1A
NA20785_NYGC	Tandem1A
NA20790_NYGC	Tandem1A
NA20797_NYGC	Tandem1A
NA20504_NYGC	Tandem1B
NA20808_NYGC	Tandem1B
NA19776_NYGC	Tandem2A
NA20539_NYGC	Tandem2A
NA19649_NYGC	"Duplication,Tandem1A"
NA19785_NYGC	Tandem3
NA19719_NYGC	Tandem4
NA20755_NYGC	PseudogeneDownstreamDel
NA19788_NYGC	Tandem4
Tandem4_1	Tandem4
Tandem4_2	Tandem4
Tandem4_3	Tandem4
Tandem4_4	Tandem4
Tandem4_5	Tandem4
NA20847_NYGC	PseudogeneDownstreamDel
PseudogeneDownstreamDel_1	PseudogeneDownstreamDel
PseudogeneDownstreamDel_2	PseudogeneDownstreamDel
PseudogeneDownstreamDel_3	PseudogeneDownstreamDel
PseudogeneDownstreamDel_4	PseudogeneDownstreamDel
PseudogeneDownstreamDel_5	PseudogeneDownstreamDel
NA19982_NYGC	Unknown2
Unknown2_1	Unknown2
Unknown2_2	Unknown2
Unknown2_3	Unknown2
Unknown2_4	Unknown2
Unknown2_5	Unknown2
HG00179_NYGC	Duplication
HG00272_NYGC	Duplication
HG00320_NYGC	Duplication
HG00337_NYGC	Duplication
NA19752_NYGC	Duplication
HG00125_NYGC	Tandem1A
HG00234_NYGC	Tandem1A
HG00245_NYGC	Tandem1A
HG00271_NYGC	Tandem1A
HG00308_NYGC	Tandem1A
HG00319_NYGC	Tandem1A
HG00328_NYGC	Tandem1A
HG00342_NYGC	Tandem1A
HG00343_NYGC	Tandem1A
HG00355_NYGC	Tandem1A
NA19740_NYGC	Tandem1A
NA20897_NYGC	Tandem1A
NA21091_NYGC	Tandem1A
NA21097_NYGC	Tandem1A
NA21113_NYGC	Tandem1A
NA21118_NYGC	Tandem1A
HG00127_NYGC	Tandem2A
HG00448_NYGC	Tandem2A
HG00452_NYGC	Tandem2A
HG00149_NYGC	Tandem2B
HG00445_NYGC	Tandem2B
HG00189_NYGC	Tandem3
HG00276_NYGC	DeletionHet
HG00419_NYGC	DeletionHet
HG00614_NYGC	DeletionHet
HG00707_NYGC	DeletionHet
HG01069_NYGC	DeletionHet
HG01170_NYGC	DeletionHet
HG01187_NYGC	DeletionHet
HG01242_NYGC	DeletionHet
HG01259_NYGC	DeletionHet
HG01342_NYGC	DeletionHet
NA20318_NYGC	DeletionHet
NA20320_NYGC	DeletionHet
NA20321_NYGC	DeletionHet
HG00330_NYGC	Duplication
HG00436_NYGC	Duplication
HG00457_NYGC	Duplication
HG00551_NYGC	Duplication
HG01097_NYGC	Duplication
HG01198_NYGC	Duplication
HG01438_NYGC	Duplication
HG00246_NYGC	Tandem1A
HG00250_NYGC	Tandem1A
HG00277_NYGC	Tandem1A
HG00282_NYGC	Tandem1A
HG00310_NYGC	Tandem1A
HG00383_NYGC	Tandem1A
HG00553_NYGC	Tandem1A
HG00731_NYGC	Tandem1A
HG01075_NYGC	Tandem1A
HG01256_NYGC	Tandem1B
HG00479_NYGC	Tandem2B
HG00525_NYGC	Tandem2B
HG00534_NYGC	Tandem2B
HG00560_NYGC	Tandem2B
HG00581_NYGC	Tandem2B
HG00583_NYGC	Tandem2B
HG00608_NYGC	Tandem2B
HG00625_NYGC	Tandem2B
HG00656_NYGC	Tandem2B
HG00437_NYGC	Tandem2C
HG00595_NYGC	Tandem2C
HG00708_NYGC	Tandem2C
HG01190_NYGC	"DeletionHet,Tandem1A"
"DeletionHet,Tandem1A_4"	"DeletionHet,Tandem1A"
"DeletionHet,Tandem1A_5"	"DeletionHet,Tandem1A"
"DeletionHet,Tandem1A_6"	"DeletionHet,Tandem1A"
"DeletionHet,Tandem1A_7"	"DeletionHet,Tandem1A"
"DeletionHet,Tandem1A_8"	"DeletionHet,Tandem1A"
HG00458_NYGC	Tandem2F
Tandem2F_1	Tandem2F
Tandem2F_2	Tandem2F
Tandem2F_3	Tandem2F
Tandem2F_4	Tandem2F
Tandem2F_5	Tandem2F
HG01521_NYGC	DeletionHet
HG01551_NYGC	DeletionHet
HG01684_NYGC	DeletionHet
HG01708_NYGC	DeletionHet
HG01747_NYGC	DeletionHet
HG01777_NYGC	DeletionHet
HG01794_NYGC	DeletionHet
HG01797_NYGC	DeletionHet
HG01861_NYGC	DeletionHet
HG01892_NYGC	DeletionHet
HG01494_NYGC	Duplication
HG01572_NYGC	Duplication
HG01624_NYGC	Duplication
HG01628_NYGC	Duplication
HG01630_NYGC	Duplication
HG01678_NYGC	Duplication
HG01685_NYGC	Duplication
HG01779_NYGC	Duplication
HG01525_NYGC	Multiplication
HG01936_NYGC	Multiplication
HG01503_NYGC	Tandem1A
HG01515_NYGC	Tandem1A
HG01522_NYGC	Tandem1A
HG01550_NYGC	Tandem1A
HG01605_NYGC	Tandem1A
HG01617_NYGC	Tandem1A
HG01620_NYGC	Tandem1A
HG01672_NYGC	Tandem1A
HG01682_NYGC	Tandem1A
HG01746_NYGC	Tandem1A
HG01770_NYGC	Tandem1A
HG01771_NYGC	Tandem1A
HG01497_NYGC	Tandem1B
HG00759_NYGC	Tandem2B
HG00844_NYGC	Tandem2B
HG00864_NYGC	Tandem2B
HG01600_NYGC	Tandem2B
HG01796_NYGC	Tandem2B
HG01799_NYGC	Tandem2B
HG01811_NYGC	Tandem2B
HG01841_NYGC	Tandem2B
HG01847_NYGC	Tandem2B
HG01850_NYGC	Tandem2B
HG01851_NYGC	Tandem2B
HG01858_NYGC	Tandem2B
HG01864_NYGC	Tandem2B
HG01866_NYGC	Tandem2B
HG01874_NYGC	Tandem2B
HG02029_NYGC	Tandem2B
HG02058_NYGC	Tandem2B
HG02069_NYGC	Tandem2B
HG01161_NYGC	DeletionHet
HG01281_NYGC	DeletionHet
HG01447_NYGC	DeletionHet
HG02006_NYGC	DeletionHet
HG02455_NYGC	DeletionHet
HG02501_NYGC	DeletionHet
HG02541_NYGC	DeletionHet
HG02577_NYGC	DeletionHet
HG03009_NYGC	DeletionHet
HG03012_NYGC	DeletionHet
HG03238_NYGC	DeletionHet
HG03645_NYGC	DeletionHet
HG03722_NYGC	DeletionHet
HG03808_NYGC	DeletionHet
HG03849_NYGC	DeletionHet
HG03908_NYGC	DeletionHet
HG03937_NYGC	DeletionHet
HG03944_NYGC	DeletionHet
HG03950_NYGC	DeletionHet
HG03595_NYGC	"DeletionHet,Tandem1A"
HG01162_NYGC	Duplication
HG02425_NYGC	Duplication
HG02536_NYGC	Duplication
HG03744_NYGC	Duplication
HG03896_NYGC	Duplication
HG01200_NYGC	Tandem1A
HG01286_NYGC	Tandem1A
HG01308_NYGC	Tandem1A
HG02348_NYGC	Tandem1A
HG03740_NYGC	Tandem1A
HG03848_NYGC	Tandem1A
HG03911_NYGC	Tandem1A
HG01280_NYGC	Tandem1B
HG04002_NYGC	Tandem1B
HG03692_NYGC	Tandem2B
HG02716_NYGC	Duplication
HG02768_NYGC	Duplication
HG02799_NYGC	Duplication
HG02820_NYGC	Duplication
HG02837_NYGC	Duplication
HG02851_NYGC	Duplication
HG02891_NYGC	Duplication
HG02923_NYGC	Duplication
HG02953_NYGC	Duplication
HG02973_NYGC	Duplication
HG02977_NYGC	Duplication
HG03027_NYGC	Duplication
HG03055_NYGC	Duplication
HG03108_NYGC	Duplication
HG03114_NYGC	Duplication
HG03115_NYGC	Duplication
HG03129_NYGC	Duplication
HG03133_NYGC	Duplication
HG03135_NYGC	Duplication
HG03163_NYGC	Duplication
HG03241_NYGC	Duplication
HG03342_NYGC	Duplication
HG03442_NYGC	Duplication
HG03470_NYGC	Duplication
HG03538_NYGC	Duplication
HG03583_NYGC	Duplication
HG03058_NYGC	Multiplication
HG03452_NYGC	Multiplication
HG02790_NYGC	Tandem1A
HG00598_NYGC	Tandem2B
HG00675_NYGC	Tandem2B
HG03803_NYGC	"Del,Tandem3"
"Del,Tandem3_1"	"Del,Tandem3"
"Del,Tandem3_2"	"Del,Tandem3"
"Del,Tandem3_3"	"Del,Tandem3"
"Del,Tandem3_4"	"Del,Tandem3"
"Del,Tandem3_5"	"Del,Tandem3"
HG02621_NYGC	"DeletionHet,Tandem1A"
HG02678_NYGC	DeletionHom
HG01958_NYGC	Multiplication
HG02497_NYGC	Multiplication
HG01784_NYGC	Tandem1A
HG02433_NYGC	Tandem1A
HG02155_NYGC	Tandem2C
HG02164_NYGC	Tandem2C
HG02188_NYGC	Tandem2C
HG02513_NYGC	Tandem2C
HG02067_NYGC	Tandem2C
HG02127_NYGC	Tandem2F
HG02938_NYGC	DeletionHom
HG01583_NYGC	Tandem1A
HG02651_NYGC	Tandem1A
HG02778_NYGC	Tandem1A
HG03863_NYGC	Tandem1A
HG04039_NYGC	Tandem1A
HG04056_NYGC	Tandem1A