	Sample	CNV
1	NA18855_PyPGx	DeletionHet
2	NA18617_PyPGx	Tandem2B
3	HG00276_PyPGx	DeletionHet
4	NA11832_PyPGx	Tandem1
5	NA18868_PyPGx	DeletionHet
6	NA12717_PyPGx	Normal
7	NA07056_PyPGx	Normal
8	NA18484_PyPGx	Normal
9	NA18564_PyPGx	Tandem2A
10	NA12145_PyPGx	Normal
11	NA18861_PyPGx	DeletionHet
12	HG00436_PyPGx	Duplication
13	NA18552_PyPGx	Normal
14	NA07000_PyPGx	Normal
15	NA12006_PyPGx	Normal
16	NA19239_PyPGx	Normal
17	NA19147_PyPGx	Normal
18	NA10854_PyPGx	Normal
19	NA19207_PyPGx	Duplication
20	NA18526_PyPGx	Tandem2B
21	NA18959_PyPGx	Tandem2A
22	NA06991_PyPGx	Normal
23	NA19109_PyPGx	Duplication
24	NA19789_PyPGx	Normal
25	HG01190_PyPGx	"DeletionHet,Tandem1"
26	NA19122_PyPGx	Normal
27	NA19819_PyPGx	Duplication
28	NA19213_PyPGx	Normal
29	NA20509_PyPGx	Normal
30	NA18992_PyPGx	DeletionHet
31	NA18565_PyPGx	Tandem2A
32	NA18524_PyPGx	Tandem2B
33	NA18942_PyPGx	Normal
34	NA11839_PyPGx	Normal
35	NA10851_PyPGx	Normal
36	NA19176_PyPGx	Normal
37	NA18509_PyPGx	Normal
38	NA19226_PyPGx	Duplication
39	NA07357_PyPGx	Normal
40	NA07019_PyPGx	Normal
41	NA12873_PyPGx	DeletionHet
42	NA19143_PyPGx	Normal
43	NA10847_PyPGx	Normal
44	NA18518_PyPGx	Normal
45	NA21781_PyPGx	"Duplication,Tandem1"
46	NA07348_PyPGx	Normal
47	NA19003_PyPGx	Normal
48	NA18544_PyPGx	Normal
49	NA18540_PyPGx	Tandem2B
50	NA18966_PyPGx	Normal
51	4936_PyPGx	DeletionHom
52	DeletionHom_1	DeletionHom
53	DeletionHom_2	DeletionHom