	CNV
NA18855_PyPGx	WholeDel1
NA18617_PyPGx	Tandem2B
HG00276_PyPGx	WholeDel1
NA11832_PyPGx	Tandem1A
NA18868_PyPGx	WholeDel1
NA12717_PyPGx	Normal
NA07056_PyPGx	Normal
NA18484_PyPGx	Normal
NA18564_PyPGx	Tandem2A
NA12145_PyPGx	Normal
NA18861_PyPGx	WholeDel1
HG00436_PyPGx	WholeDup1
NA18552_PyPGx	Normal
NA07000_PyPGx	Normal
NA12006_PyPGx	Normal
NA19239_PyPGx	Normal
NA19147_PyPGx	Normal
NA10854_PyPGx	Normal
NA19207_PyPGx	WholeDup1
NA18526_PyPGx	Tandem2B
NA18959_PyPGx	Tandem2A
NA06991_PyPGx	Normal
NA19109_PyPGx	WholeDup1
NA19789_PyPGx	Normal
HG01190_PyPGx	WholeDel1+Tandem1A
NA19122_PyPGx	Normal
NA19819_PyPGx	WholeDup1
NA19213_PyPGx	Normal
NA20509_PyPGx	Normal
NA18992_PyPGx	WholeDel1
NA18565_PyPGx	Tandem2A
NA18524_PyPGx	Tandem2B
NA18942_PyPGx	Normal
NA11839_PyPGx	Normal
NA10851_PyPGx	Normal
NA19176_PyPGx	Normal
NA18509_PyPGx	Normal
NA19226_PyPGx	WholeDup1
NA07357_PyPGx	Normal
NA07019_PyPGx	Normal
NA12873_PyPGx	WholeDel1
NA19143_PyPGx	Normal
NA10847_PyPGx	Normal
NA18518_PyPGx	Normal
NA21781_PyPGx	WholeDup1+Tandem1A
NA07348_PyPGx	Normal
NA19003_PyPGx	Normal
NA18544_PyPGx	Normal
NA18540_PyPGx	Tandem2B
NA18966_PyPGx	Normal
4936_PyPGx	WholeDel1Hom
WholeDel1Hom_1	WholeDel1Hom
WholeDel1Hom_2	WholeDel1Hom
4863_PyPGx	Tandem2C
5005_PyPGx	Tandem2C
4997_PyPGx	Tandem2C
WholeDel1+Tandem1A_1	WholeDel1+Tandem1A
WholeDel1+Tandem1A_2	WholeDel1+Tandem1A
WholeDup1+Tandem1A_1	WholeDup1+Tandem1A
WholeDup1+Tandem1A_2	WholeDup1+Tandem1A
4953_PyPGx	Tandem2A
4957_PyPGx	Tandem2A
4960_PyPGx	Tandem2A
4961_PyPGx	Tandem2A
4962_PyPGx	Tandem2A
Tandem1A_1	Tandem1A
Tandem1A_2	Tandem1A
4743_PyPGx	WholeDel1
4745_PyPGx	WholeDel1
4760_PyPGx	WholeDel1
4807_PyPGx	WholeDel1
4840_PyPGx	WholeDel1
4850_PyPGx	WholeDel1
4854_PyPGx	WholeDel1
4885_PyPGx	WholeDel1
4903_PyPGx	WholeDel1
4918_PyPGx	WholeDel1
4719_PyPGx	WholeDup1
4727_PyPGx	Tandem2C
4759_PyPGx	Tandem2C
4705_PyPGx	Tandem2B
4706_PyPGx	Tandem2B
4707_PyPGx	Tandem2B
4737_PyPGx	Tandem2B
4751_PyPGx	Tandem2B
4764_PyPGx	Tandem2B
4768_PyPGx	Tandem2B
4772_PyPGx	Tandem2B
4777_PyPGx	Tandem2B
4802_PyPGx	Tandem2B
4812_PyPGx	Tandem2B
4819_PyPGx	Tandem2B
4828_PyPGx	Tandem2B
4832_PyPGx	Tandem2B
4839_PyPGx	Tandem2B
4846_PyPGx	Tandem2B
4856_PyPGx	Tandem2B
4873_PyPGx	Tandem2B
4876_PyPGx	Tandem2B
4906_PyPGx	Tandem2B
4701_PyPGx	Tandem2A
4714_PyPGx	Tandem2A
4718_PyPGx	Tandem2A
4721_PyPGx	Tandem2A
4725_PyPGx	Tandem2A
4733_PyPGx	Tandem2A
4734_PyPGx	Tandem2A
4739_PyPGx	Tandem2A
4746_PyPGx	Tandem2A
4750_PyPGx	Tandem2A
4754_PyPGx	Tandem2A
4756_PyPGx	Tandem2A
4757_PyPGx	Tandem2A
4773_PyPGx	Tandem2A
4784_PyPGx	Tandem2A
4790_PyPGx	Tandem2A
4797_PyPGx	Tandem2A
4804_PyPGx	Tandem2A
4808_PyPGx	Tandem2A
4810_PyPGx	Tandem2A
4813_PyPGx	Tandem2A
4814_PyPGx	Tandem2A
4818_PyPGx	Tandem2A
4820_PyPGx	Tandem2A
4821_PyPGx	Tandem2A
4824_PyPGx	Tandem2A
4825_PyPGx	Tandem2A
4826_PyPGx	Tandem2A
4829_PyPGx	Tandem2A
4830_PyPGx	Tandem2A
4831_PyPGx	Tandem2A
4833_PyPGx	Tandem2A
4834_PyPGx	Tandem2A
4843_PyPGx	Tandem2A
4844_PyPGx	Tandem2A
4847_PyPGx	Tandem2A
4849_PyPGx	Tandem2A
4852_PyPGx	Tandem2A
4857_PyPGx	Tandem2A
4858_PyPGx	Tandem2A
4864_PyPGx	Tandem2A
4865_PyPGx	Tandem2A
4872_PyPGx	Tandem2A
4874_PyPGx	Tandem2A
4875_PyPGx	Tandem2A
4883_PyPGx	Tandem2A
4887_PyPGx	Tandem2A
4888_PyPGx	Tandem2A
4890_PyPGx	Tandem2A
4891_PyPGx	Tandem2A
4897_PyPGx	Tandem2A
4898_PyPGx	Tandem2A
4900_PyPGx	Tandem2A
4901_PyPGx	Tandem2A
4904_PyPGx	Tandem2A
4908_PyPGx	Tandem2A
4817_PyPGx	Tandem3
Tandem3_1	Tandem3
Tandem3_2	Tandem3
4709_PyPGx	Normal
4710_PyPGx	Normal
4711_PyPGx	Normal
4713_PyPGx	Normal
4715_PyPGx	Normal
4717_PyPGx	Normal
4723_PyPGx	Normal
4732_PyPGx	Normal
4735_PyPGx	Normal
4738_PyPGx	Normal
4741_PyPGx	Normal
4742_PyPGx	Normal
4748_PyPGx	Normal
4752_PyPGx	Normal
4755_PyPGx	Normal
4758_PyPGx	Normal
4763_PyPGx	Normal
4765_PyPGx	Normal
4767_PyPGx	Normal
4794_PyPGx	Normal
4809_PyPGx	Normal
4811_PyPGx	Normal
4815_PyPGx	Normal
4816_PyPGx	Normal
4822_PyPGx	Normal
4823_PyPGx	Normal
4827_PyPGx	Normal
4838_PyPGx	Normal
4841_PyPGx	Normal
4842_PyPGx	Normal
4845_PyPGx	Normal
4848_PyPGx	Normal
4851_PyPGx	Normal
4853_PyPGx	Normal
4855_PyPGx	Normal
4859_PyPGx	Normal
4860_PyPGx	Normal
4861_PyPGx	Normal
4862_PyPGx	Normal
4866_PyPGx	Normal
4867_PyPGx	Normal
4868_PyPGx	Normal
4869_PyPGx	Normal
4870_PyPGx	Normal
4871_PyPGx	Normal
4877_PyPGx	Normal
4878_PyPGx	Normal
4879_PyPGx	Normal
4880_PyPGx	Normal
4881_PyPGx	Normal
4882_PyPGx	Normal
4884_PyPGx	Normal
4886_PyPGx	Normal
4892_PyPGx	Normal
4893_PyPGx	Normal
4894_PyPGx	Normal
4895_PyPGx	Normal
4896_PyPGx	Normal
4899_PyPGx	Normal
4902_PyPGx	Normal
4905_PyPGx	Normal
4909_PyPGx	Normal
4919_PyPGx	Normal
4925_PyPGx	Normal
4930_PyPGx	Normal
4943_PyPGx	Normal
4945_PyPGx	Normal
4948_PyPGx	Normal
4950_PyPGx	Normal
4955_PyPGx	Normal
4956_PyPGx	Normal
4958_PyPGx	Normal
4965_PyPGx	Normal
4966_PyPGx	Normal
4969_PyPGx	Normal
4970_PyPGx	Normal
4972_PyPGx	Normal
4975_PyPGx	Normal
4981_PyPGx	Normal
4982_PyPGx	Normal
4991_PyPGx	Normal
4992_PyPGx	Normal
4993_PyPGx	Normal
4998_PyPGx	Normal
4999_PyPGx	Normal
5000_PyPGx	Normal
NA06985_NYGC	WholeDel1
NA11829_NYGC	WholeDel1
NA11931_NYGC	WholeDel1
NA12155_NYGC	WholeDel1
NA12489_NYGC	WholeDel1
NA12873_NYGC	WholeDel1
NA18502_NYGC	WholeDel1
NA18508_NYGC	WholeDel1
NA18517_NYGC	WholeDel1
NA18853_NYGC	WholeDel1
NA18861_NYGC	WholeDel1
NA18945_NYGC	WholeDel1
NA18974_NYGC	WholeDel1
NA18975_NYGC	WholeDel1
NA19093_NYGC	WholeDel1
NA11994_NYGC	WholeDup1
NA12776_NYGC	WholeDup1
NA18507_NYGC	WholeDup1
NA18582_NYGC	WholeDup1
NA18856_NYGC	WholeDup1
NA18870_NYGC	WholeDup1
NA18907_NYGC	WholeDup1
NA19108_NYGC	WholeDup1
NA19137_NYGC	WholeDup1
NA19152_NYGC	WholeDup1
NA12154_NYGC	WholeDup1+Tandem1A
NA12778_NYGC	WholeDup1+Tandem1A
NA12275_NYGC	WholeDup1+Tandem1A
NA18909_NYGC	WholeMultip1
WholeMultip1_1	WholeMultip1
WholeMultip1_2	WholeMultip1
WholeMultip1_3	WholeMultip1
WholeMultip1_4	WholeMultip1
WholeMultip1_5	WholeMultip1
NA19190_NYGC	WholeMultip1
NA11930_NYGC	Normal
NA11995_NYGC	Normal
NA12003_NYGC	Normal
NA12004_NYGC	Normal
NA12005_NYGC	Normal
NA12006_NYGC	Normal
NA12043_NYGC	Normal
NA12044_NYGC	Normal
NA12045_NYGC	Normal
NA12058_NYGC	Normal
NA12144_NYGC	Normal
NA12156_NYGC	Normal
NA12234_NYGC	Normal
NA12249_NYGC	Normal
NA12272_NYGC	Normal
NA12273_NYGC	Normal
NA12283_NYGC	Normal
NA12286_NYGC	Normal
NA12287_NYGC	Normal
NA12340_NYGC	Normal
NA12341_NYGC	Normal
NA12342_NYGC	Normal
NA12347_NYGC	Normal
NA12348_NYGC	Normal
NA12383_NYGC	Normal
NA12399_NYGC	Normal
NA12414_NYGC	Normal
NA12716_NYGC	Normal
NA12717_NYGC	Normal
NA12718_NYGC	Normal
NA12748_NYGC	Normal
NA12749_NYGC	Normal
NA12750_NYGC	Normal
NA12751_NYGC	Normal
NA12760_NYGC	Normal
NA12761_NYGC	Normal
NA12762_NYGC	Normal
NA12763_NYGC	Normal
NA12775_NYGC	Normal
NA12777_NYGC	Normal
NA12812_NYGC	Normal
NA12813_NYGC	Normal
NA12814_NYGC	Normal
NA12815_NYGC	Normal
NA12827_NYGC	Normal
NA12828_NYGC	Normal
NA12842_NYGC	Normal
NA12843_NYGC	Normal
NA12872_NYGC	Normal
NA12874_NYGC	Normal
NA12889_NYGC	Normal
NA18486_NYGC	Normal
NA18488_NYGC	Normal
NA18489_NYGC	Normal
NA18498_NYGC	Normal
NA18499_NYGC	Normal
NA18501_NYGC	Normal
NA18504_NYGC	Normal
NA18505_NYGC	Normal
NA18510_NYGC	Normal
NA06984_NYGC	Tandem1A
NA07347_NYGC	Tandem1A
NA11832_NYGC	Tandem1A
NA12829_NYGC	Tandem1A
NA12878_NYGC	Tandem1A
NA12400_NYGC	Tandem1A
NA12282_NYGC	Tandem1B
Tandem1B_1	Tandem1B
Tandem1B_2	Tandem1B
Tandem1B_3	Tandem1B
Tandem1B_4	Tandem1B
Tandem1B_5	Tandem1B
NA12890_NYGC	Tandem1B
NA18573_NYGC	Tandem2A
NA18579_NYGC	Tandem2A
NA18592_NYGC	Tandem2A
NA18596_NYGC	Tandem2A
NA18602_NYGC	Tandem2A
NA18605_NYGC	Tandem2A
NA18609_NYGC	Tandem2A
NA18612_NYGC	Tandem2A
NA18615_NYGC	Tandem2A
NA18616_NYGC	Tandem2A
NA18618_NYGC	Tandem2A
NA18621_NYGC	Tandem2A
NA18623_NYGC	Tandem2A
NA18624_NYGC	Tandem2A
NA18947_NYGC	Tandem2A
NA18949_NYGC	Tandem2A
NA18951_NYGC	Tandem2A
NA18956_NYGC	Tandem2A
NA18959_NYGC	Tandem2A
NA18961_NYGC	Tandem2A
NA18964_NYGC	Tandem2A
NA18965_NYGC	Tandem2A
NA18967_NYGC	Tandem2A
NA18968_NYGC	Tandem2A
NA18970_NYGC	Tandem2A
NA18972_NYGC	Tandem2A
NA18976_NYGC	Tandem2A
NA18980_NYGC	Tandem2A
NA18981_NYGC	Tandem2A
NA18559_NYGC	Tandem2A
NA18595_NYGC	Tandem2A
NA18550_NYGC	Tandem2B
NA18561_NYGC	Tandem2B
NA18571_NYGC	Tandem2B
NA18599_NYGC	Tandem2B
NA18603_NYGC	Tandem2B
NA18617_NYGC	Tandem2B
NA18619_NYGC	Tandem2B
NA18625_NYGC	Tandem2B
NA18638_NYGC	Tandem2B
NA18944_NYGC	Tandem2B
NA18557_NYGC	Tandem2B
NA18593_NYGC	Tandem2B
NA18610_NYGC	Tandem2B
NA18948_NYGC	Tandem2B
NA18555_NYGC	Unknown1
Unknown1_1	Unknown1
Unknown1_2	Unknown1
Unknown1_3	Unknown1
Unknown1_4	Unknown1
Unknown1_5	Unknown1
NA11932_NYGC	WholeDel1
NA18868_NYGC	WholeDel1
NA18873_NYGC	WholeDel1
NA18910_NYGC	WholeDel1
NA18933_NYGC	WholeDel1
NA18982_NYGC	WholeDel1
NA18992_NYGC	WholeDel1
NA18997_NYGC	WholeDel1
NA19000_NYGC	WholeDel1
NA19035_NYGC	WholeDel1
NA19036_NYGC	WholeDel1
NA19074_NYGC	WholeDel1
NA19083_NYGC	WholeDel1
NA19087_NYGC	WholeDel1
NA19317_NYGC	WholeDel1Hom
NA18923_NYGC	WholeDup1
NA18924_NYGC	WholeDup1
NA18979_NYGC	WholeDup1
NA19075_NYGC	WholeDup1
NA19121_NYGC	WholeDup1
NA19146_NYGC	WholeDup1
NA19184_NYGC	WholeDup1
NA19189_NYGC	WholeDup1
NA19308_NYGC	WholeDup1
NA19332_NYGC	WholeDup1
NA19378_NYGC	WholeMultip1
NA19175_NYGC	WholeMultip1
NA19456_NYGC	Tandem1A
NA19462_NYGC	Tandem1A
NA19017_NYGC	Tandem1B
NA18632_NYGC	Tandem2B
NA18633_NYGC	Tandem2B
NA18639_NYGC	Tandem2B
NA18642_NYGC	Tandem2B
NA18748_NYGC	Tandem2B
NA18757_NYGC	Tandem2B
NA18954_NYGC	Tandem2B
NA18985_NYGC	Tandem2B
NA19058_NYGC	Tandem2B
NA19063_NYGC	Tandem2B
NA19078_NYGC	Tandem2B
NA19082_NYGC	Tandem2B
NA19316_NYGC	ParalogPartialDel1
ParalogPartialDel1_1	ParalogPartialDel1
ParalogPartialDel1_2	ParalogPartialDel1
ParalogPartialDel1_3	ParalogPartialDel1
ParalogPartialDel1_4	ParalogPartialDel1
ParalogPartialDel1_5	ParalogPartialDel1
NA19471_NYGC	WholeDel1
NA19783_NYGC	WholeDel1
NA19921_NYGC	WholeDel1
NA20127_NYGC	WholeDel1
NA20281_NYGC	WholeDel1
NA20317_NYGC	WholeDel1
NA20357_NYGC	WholeDel1
NA20530_NYGC	WholeDel1
NA19703_NYGC	WholeDup1
NA19713_NYGC	WholeDup1
NA19723_NYGC	WholeDup1
NA19761_NYGC	WholeDup1
NA19819_NYGC	WholeDup1
NA19909_NYGC	WholeDup1
NA19920_NYGC	WholeDup1
NA20359_NYGC	WholeDup1
NA20516_NYGC	WholeDup1
NA20535_NYGC	WholeDup1
NA20586_NYGC	WholeDup1
NA19664_NYGC	Tandem1A
NA19681_NYGC	Tandem1A
NA19707_NYGC	Tandem1A
NA19725_NYGC	Tandem1A
NA19773_NYGC	Tandem1A
NA20507_NYGC	Tandem1A
NA20532_NYGC	Tandem1A
NA20581_NYGC	Tandem1A
NA20756_NYGC	Tandem1A
NA20763_NYGC	Tandem1A
NA20766_NYGC	Tandem1A
NA20771_NYGC	Tandem1A
NA20775_NYGC	Tandem1A
NA20785_NYGC	Tandem1A
NA20790_NYGC	Tandem1A
NA20797_NYGC	Tandem1A
NA20504_NYGC	Tandem1B
NA20808_NYGC	Tandem1B
NA19776_NYGC	Tandem2A
NA20539_NYGC	Tandem2A
NA19649_NYGC	WholeDup1+Tandem1A
NA19785_NYGC	Tandem3
NA19719_NYGC	Tandem4
NA19788_NYGC	Tandem4
Tandem4_1	Tandem4
Tandem4_2	Tandem4
Tandem4_3	Tandem4
Tandem4_4	Tandem4
Tandem4_5	Tandem4
NA19982_NYGC	Unknown2
Unknown2_1	Unknown2
Unknown2_2	Unknown2
Unknown2_3	Unknown2
Unknown2_4	Unknown2
Unknown2_5	Unknown2
HG00179_NYGC	WholeDup1
HG00272_NYGC	WholeDup1
HG00320_NYGC	WholeDup1
HG00337_NYGC	WholeDup1
NA19752_NYGC	WholeDup1
HG00125_NYGC	Tandem1A
HG00234_NYGC	Tandem1A
HG00245_NYGC	Tandem1A
HG00271_NYGC	Tandem1A
HG00308_NYGC	Tandem1A
HG00319_NYGC	Tandem1A
HG00328_NYGC	Tandem1A
HG00342_NYGC	Tandem1A
HG00343_NYGC	Tandem1A
HG00355_NYGC	Tandem1A
NA19740_NYGC	Tandem1A
NA20897_NYGC	Tandem1A
NA21091_NYGC	Tandem1A
NA21097_NYGC	Tandem1A
NA21113_NYGC	Tandem1A
NA21118_NYGC	Tandem1A
HG00127_NYGC	Tandem2A
HG00448_NYGC	Tandem2A
HG00452_NYGC	Tandem2A
HG00149_NYGC	Tandem2B
HG00445_NYGC	Tandem2B
HG00189_NYGC	Tandem3
HG00276_NYGC	WholeDel1
HG00419_NYGC	WholeDel1
HG00614_NYGC	WholeDel1
HG00707_NYGC	WholeDel1
HG01069_NYGC	WholeDel1
HG01170_NYGC	WholeDel1
HG01187_NYGC	WholeDel1
HG01242_NYGC	WholeDel1
HG01259_NYGC	WholeDel1
HG01342_NYGC	WholeDel1
NA20318_NYGC	WholeDel1
NA20320_NYGC	WholeDel1
NA20321_NYGC	WholeDel1
HG00330_NYGC	WholeDup1
HG00436_NYGC	WholeDup1
HG00457_NYGC	WholeDup1
HG00551_NYGC	WholeDup1
HG01097_NYGC	WholeDup1
HG01198_NYGC	WholeDup1
HG01438_NYGC	WholeDup1
HG00246_NYGC	Tandem1A
HG00250_NYGC	Tandem1A
HG00277_NYGC	Tandem1A
HG00282_NYGC	Tandem1A
HG00310_NYGC	Tandem1A
HG00383_NYGC	Tandem1A
HG00553_NYGC	Tandem1A
HG00731_NYGC	Tandem1A
HG01075_NYGC	Tandem1A
HG01256_NYGC	Tandem1B
HG00479_NYGC	Tandem2B
HG00525_NYGC	Tandem2B
HG00534_NYGC	Tandem2B
HG00560_NYGC	Tandem2B
HG00581_NYGC	Tandem2B
HG00583_NYGC	Tandem2B
HG00608_NYGC	Tandem2B
HG00625_NYGC	Tandem2B
HG00656_NYGC	Tandem2B
HG00437_NYGC	Tandem2C
HG00595_NYGC	Tandem2C
HG00708_NYGC	Tandem2C
HG01190_NYGC	WholeDel1+Tandem1A
WholeDel1+Tandem1A_4	WholeDel1+Tandem1A
WholeDel1+Tandem1A_5	WholeDel1+Tandem1A
WholeDel1+Tandem1A_6	WholeDel1+Tandem1A
WholeDel1+Tandem1A_7	WholeDel1+Tandem1A
WholeDel1+Tandem1A_8	WholeDel1+Tandem1A
HG00458_NYGC	Tandem2F
Tandem2F_1	Tandem2F
Tandem2F_2	Tandem2F
Tandem2F_3	Tandem2F
Tandem2F_4	Tandem2F
Tandem2F_5	Tandem2F
HG01521_NYGC	WholeDel1
HG01551_NYGC	WholeDel1
HG01684_NYGC	WholeDel1
HG01708_NYGC	WholeDel1
HG01747_NYGC	WholeDel1
HG01777_NYGC	WholeDel1
HG01794_NYGC	WholeDel1
HG01797_NYGC	WholeDel1
HG01861_NYGC	WholeDel1
HG01892_NYGC	WholeDel1
HG01494_NYGC	WholeDup1
HG01572_NYGC	WholeDup1
HG01624_NYGC	WholeDup1
HG01628_NYGC	WholeDup1
HG01630_NYGC	WholeDup1
HG01678_NYGC	WholeDup1
HG01685_NYGC	WholeDup1
HG01779_NYGC	WholeDup1
HG01525_NYGC	WholeMultip1
HG01936_NYGC	WholeMultip1
HG01503_NYGC	Tandem1A
HG01515_NYGC	Tandem1A
HG01522_NYGC	Tandem1A
HG01550_NYGC	Tandem1A
HG01605_NYGC	Tandem1A
HG01617_NYGC	Tandem1A
HG01620_NYGC	Tandem1A
HG01672_NYGC	Tandem1A
HG01682_NYGC	Tandem1A
HG01746_NYGC	Tandem1A
HG01770_NYGC	Tandem1A
HG01771_NYGC	Tandem1A
HG01497_NYGC	Tandem1B
HG00759_NYGC	Tandem2B
HG00844_NYGC	Tandem2B
HG00864_NYGC	Tandem2B
HG01600_NYGC	Tandem2B
HG01796_NYGC	Tandem2B
HG01799_NYGC	Tandem2B
HG01811_NYGC	Tandem2B
HG01841_NYGC	Tandem2B
HG01847_NYGC	Tandem2B
HG01850_NYGC	Tandem2B
HG01851_NYGC	Tandem2B
HG01858_NYGC	Tandem2B
HG01864_NYGC	Tandem2B
HG01866_NYGC	Tandem2B
HG01874_NYGC	Tandem2B
HG02029_NYGC	Tandem2B
HG02058_NYGC	Tandem2B
HG02069_NYGC	Tandem2B
HG01161_NYGC	WholeDel1
HG01281_NYGC	WholeDel1
HG01447_NYGC	WholeDel1
HG02006_NYGC	WholeDel1
HG02455_NYGC	WholeDel1
HG02501_NYGC	WholeDel1
HG02541_NYGC	WholeDel1
HG02577_NYGC	WholeDel1
HG03009_NYGC	WholeDel1
HG03012_NYGC	WholeDel1
HG03238_NYGC	WholeDel1
HG03645_NYGC	WholeDel1
HG03722_NYGC	WholeDel1
HG03808_NYGC	WholeDel1
HG03849_NYGC	WholeDel1
HG03908_NYGC	WholeDel1
HG03937_NYGC	WholeDel1
HG03944_NYGC	WholeDel1
HG03950_NYGC	WholeDel1
HG03595_NYGC	WholeDel1+Tandem1A
HG01162_NYGC	WholeDup1
HG02425_NYGC	WholeDup1
HG02536_NYGC	WholeDup1
HG03744_NYGC	WholeDup1
HG03896_NYGC	WholeDup1
HG01200_NYGC	Tandem1A
HG01286_NYGC	Tandem1A
HG01308_NYGC	Tandem1A
HG02348_NYGC	Tandem1A
HG03740_NYGC	Tandem1A
HG03848_NYGC	Tandem1A
HG03911_NYGC	Tandem1A
HG01280_NYGC	Tandem1B
HG04002_NYGC	Tandem1B
HG03692_NYGC	Tandem2B
HG02716_NYGC	WholeDup1
HG02768_NYGC	WholeDup1
HG02799_NYGC	WholeDup1
HG02820_NYGC	WholeDup1
HG02837_NYGC	WholeDup1
HG02851_NYGC	WholeDup1
HG02891_NYGC	WholeDup1
HG02923_NYGC	WholeDup1
HG02953_NYGC	WholeDup1
HG02973_NYGC	WholeDup1
HG02977_NYGC	WholeDup1
HG03027_NYGC	WholeDup1
HG03055_NYGC	WholeDup1
HG03108_NYGC	WholeDup1
HG03114_NYGC	WholeDup1
HG03115_NYGC	WholeDup1
HG03129_NYGC	WholeDup1
HG03133_NYGC	WholeDup1
HG03135_NYGC	WholeDup1
HG03163_NYGC	WholeDup1
HG03241_NYGC	WholeDup1
HG03342_NYGC	WholeDup1
HG03442_NYGC	WholeDup1
HG03470_NYGC	WholeDup1
HG03538_NYGC	WholeDup1
HG03583_NYGC	WholeDup1
HG03058_NYGC	WholeMultip1
HG03452_NYGC	WholeMultip1
HG02790_NYGC	Tandem1A
HG00598_NYGC	Tandem2B
HG00675_NYGC	Tandem2B
HG03803_NYGC	WholeDel1+Tandem3
WholeDel1+Tandem3_1	WholeDel1+Tandem3
WholeDel1+Tandem3_2	WholeDel1+Tandem3
WholeDel1+Tandem3_3	WholeDel1+Tandem3
WholeDel1+Tandem3_4	WholeDel1+Tandem3
WholeDel1+Tandem3_5	WholeDel1+Tandem3
HG02621_NYGC	WholeDel1+Tandem1A
HG02678_NYGC	WholeDel1Hom
HG01958_NYGC	WholeMultip1
HG02497_NYGC	WholeMultip1
HG01784_NYGC	Tandem1A
HG02433_NYGC	Tandem1A
HG02155_NYGC	Tandem2C
HG02164_NYGC	Tandem2C
HG02188_NYGC	Tandem2C
HG02513_NYGC	Tandem2C
HG02067_NYGC	Tandem2C
HG02127_NYGC	Tandem2F
HG02938_NYGC	WholeDel1Hom
HG01583_NYGC	Tandem1A
HG02651_NYGC	Tandem1A
HG02778_NYGC	Tandem1A
HG03863_NYGC	Tandem1A
HG04039_NYGC	Tandem1A
HG04056_NYGC	Tandem1A
WholeDup1+Tandem1A_4	WholeDup1+Tandem1A
WholeDup1+Tandem1A_5	WholeDup1+Tandem1A
WholeDup1+Tandem1A_6	WholeDup1+Tandem1A
WholeDup1+Tandem1A_7	WholeDup1+Tandem1A
WholeDup1+Tandem1A_8	WholeDup1+Tandem1A