	Sample	CNV
1	NA18564_PyPGx	DeletionHet
2	NA18942_PyPGx	DeletionHet
3	NA10851_PyPGx	Duplication
4	NA11832_PyPGx	Duplication
5	NA11839_PyPGx	Duplication
6	NA12156_PyPGx	Duplication
7	NA12717_PyPGx	Duplication
8	NA12873_PyPGx	Duplication
9	NA18509_PyPGx	Duplication
10	NA18519_PyPGx	Duplication
11	NA18540_PyPGx	Duplication
12	NA18952_PyPGx	Duplication
13	NA18980_PyPGx	Duplication
14	NA19095_PyPGx	Duplication
15	NA19176_PyPGx	Duplication
16	NA19178_PyPGx	Duplication
17	NA19213_PyPGx	Duplication
18	NA19226_PyPGx	Duplication
19	NA19789_PyPGx	Duplication
20	NA19920_PyPGx	Duplication
21	NA21781_PyPGx	Duplication
22	NA18868_PyPGx	Multiplication1
23	NA19174_PyPGx	Multiplication1
24	NA19908_PyPGx	Multiplication1
25	NA19917_PyPGx	Multiplication1
26	NA10831_PyPGx	Multiplication1
27	NA18484_PyPGx	Multiplication2
28	NA18552_PyPGx	Multiplication2
29	NA18565_PyPGx	Multiplication2
30	HG00589_PyPGx	Normal
31	HG01190_PyPGx	Normal
32	NA06991_PyPGx	Normal
33	NA07000_PyPGx	Normal
34	NA07019_PyPGx	Normal
35	NA07029_PyPGx	Normal
36	NA07055_PyPGx	Normal
37	NA07056_PyPGx	Normal
38	NA07348_PyPGx	Normal
39	NA07357_PyPGx	Normal
40	NA10854_PyPGx	Normal
41	NA11993_PyPGx	Normal
42	NA12003_PyPGx	Normal
43	NA12006_PyPGx	Normal
44	NA12145_PyPGx	Normal
45	NA12813_PyPGx	Normal
46	NA18524_PyPGx	Normal
47	NA18526_PyPGx	Normal
48	NA18544_PyPGx	Normal
49	NA18617_PyPGx	Normal
50	NA18855_PyPGx	Normal
51	Multiplication2_1	Multiplication2
52	Multiplication2_2	Multiplication2
53	Multiplication2_3	Multiplication2
54	DeletionHet_1	DeletionHet
55	DeletionHet_2	DeletionHet
56	DeletionHet_3	DeletionHet