	Sample	CNV
1	NA18564_PyPGx	DeletionHet
2	NA18942_PyPGx	DeletionHet
3	NA10851_PyPGx	Duplication
4	NA11832_PyPGx	Duplication
5	NA11839_PyPGx	Duplication
6	NA12156_PyPGx	Duplication
7	NA12717_PyPGx	Duplication
8	NA12873_PyPGx	Duplication
9	NA18509_PyPGx	Duplication
10	NA18519_PyPGx	Duplication
11	NA18540_PyPGx	Duplication
12	NA18952_PyPGx	Duplication
13	NA18980_PyPGx	Duplication
14	NA19095_PyPGx	Duplication
15	NA19176_PyPGx	Duplication
16	NA19178_PyPGx	Duplication
17	NA19213_PyPGx	Duplication
18	NA19226_PyPGx	Duplication
19	NA19789_PyPGx	Duplication
20	NA19920_PyPGx	Duplication
21	NA21781_PyPGx	Duplication
22	NA18868_PyPGx	Multiplication1
23	NA19174_PyPGx	Multiplication1
24	NA19908_PyPGx	Multiplication1
25	NA19917_PyPGx	Multiplication1
26	NA10831_PyPGx	Multiplication1
27	NA18484_PyPGx	Multiplication2
28	NA18552_PyPGx	Multiplication2
29	NA18565_PyPGx	Multiplication2
30	HG00589_PyPGx	Normal
31	HG01190_PyPGx	Normal
32	NA06991_PyPGx	Normal
33	NA07000_PyPGx	Normal
34	NA07019_PyPGx	Normal
35	NA07029_PyPGx	Normal
36	NA07055_PyPGx	Normal
37	NA07056_PyPGx	Normal
38	NA07348_PyPGx	Normal
39	NA07357_PyPGx	Normal
40	NA10854_PyPGx	Normal
41	NA11993_PyPGx	Normal
42	NA12003_PyPGx	Normal
43	NA12006_PyPGx	Normal
44	NA12145_PyPGx	Normal
45	NA12813_PyPGx	Normal
46	NA18524_PyPGx	Normal
47	NA18526_PyPGx	Normal
48	NA18544_PyPGx	Normal
49	NA18617_PyPGx	Normal
50	NA18855_PyPGx	Normal
51	Multiplication2_1	Multiplication2
52	Multiplication2_2	Multiplication2
53	Multiplication2_3	Multiplication2
54	DeletionHet_1	DeletionHet
55	DeletionHet_2	DeletionHet
56	DeletionHet_3	DeletionHet
57	4759_PyPGx	DeletionHet
58	4710_PyPGx	Duplication
59	4711_PyPGx	Duplication
60	4717_PyPGx	Duplication
61	4720_PyPGx	Duplication
62	4742_PyPGx	Duplication
63	4745_PyPGx	Duplication
64	4755_PyPGx	Duplication
65	4761_PyPGx	Duplication
66	4765_PyPGx	Duplication
67	4772_PyPGx	Duplication
68	4794_PyPGx	Duplication
69	4808_PyPGx	Duplication
70	4819_PyPGx	Duplication
71	4825_PyPGx	Duplication
72	4827_PyPGx	Duplication
73	4828_PyPGx	Duplication
74	4831_PyPGx	Duplication
75	4839_PyPGx	Duplication
76	4841_PyPGx	Duplication
77	4846_PyPGx	Duplication
78	4847_PyPGx	Duplication
79	4848_PyPGx	Duplication
80	4854_PyPGx	Duplication
81	4857_PyPGx	Duplication
82	4859_PyPGx	Duplication
83	4860_PyPGx	Duplication
84	4862_PyPGx	Duplication
85	4865_PyPGx	Duplication
86	4869_PyPGx	Duplication
87	4872_PyPGx	Duplication
88	4875_PyPGx	Duplication
89	4877_PyPGx	Duplication
90	4884_PyPGx	Duplication
91	4886_PyPGx	Duplication
92	4887_PyPGx	Duplication
93	4894_PyPGx	Duplication
94	4895_PyPGx	Duplication
95	4896_PyPGx	Duplication
96	4899_PyPGx	Duplication
97	4902_PyPGx	Duplication
98	4904_PyPGx	Duplication
99	4911_PyPGx	Duplication
100	4919_PyPGx	Duplication
101	4925_PyPGx	Duplication
102	4928_PyPGx	Duplication
103	4929_PyPGx	Duplication
104	4930_PyPGx	Duplication
105	4931_PyPGx	Duplication
106	4932_PyPGx	Duplication
107	4938_PyPGx	Duplication
108	4840_PyPGx	Multiplication1
109	4849_PyPGx	Multiplication1
110	4856_PyPGx	Multiplication1
111	4874_PyPGx	Multiplication1
112	4905_PyPGx	Multiplication1
113	4906_PyPGx	Multiplication1
114	4934_PyPGx	Multiplication1
115	4948_PyPGx	Multiplication1
116	4963_PyPGx	Multiplication1
117	4740_PyPGx	Multiplication2
118	4820_PyPGx	Multiplication2
119	4822_PyPGx	Multiplication2
120	4844_PyPGx	Multiplication2
121	4923_PyPGx	Multiplication2
122	4701_PyPGx	Normal
123	4707_PyPGx	Normal
124	4709_PyPGx	Normal
125	4713_PyPGx	Normal
126	4714_PyPGx	Normal
127	4715_PyPGx	Normal
128	4718_PyPGx	Normal
129	4719_PyPGx	Normal
130	4721_PyPGx	Normal
131	4723_PyPGx	Normal
132	4725_PyPGx	Normal
133	4727_PyPGx	Normal
134	4732_PyPGx	Normal
135	4733_PyPGx	Normal
136	4734_PyPGx	Normal
137	4738_PyPGx	Normal
138	4739_PyPGx	Normal
139	4741_PyPGx	Normal
140	4743_PyPGx	Normal
141	4746_PyPGx	Normal
142	4747_PyPGx	Normal
143	4748_PyPGx	Normal
144	4750_PyPGx	Normal
145	4751_PyPGx	Normal
146	4752_PyPGx	Normal
147	4754_PyPGx	Normal
148	4756_PyPGx	Normal
149	4757_PyPGx	Normal
150	4758_PyPGx	Normal
151	4763_PyPGx	Normal
152	4767_PyPGx	Normal
153	4768_PyPGx	Normal
154	4773_PyPGx	Normal
155	4777_PyPGx	Normal
156	4784_PyPGx	Normal
157	4790_PyPGx	Normal
158	4797_PyPGx	Normal
159	4804_PyPGx	Normal
160	4807_PyPGx	Normal
161	4809_PyPGx	Normal
162	4810_PyPGx	Normal
163	4811_PyPGx	Normal
164	4812_PyPGx	Normal
165	4813_PyPGx	Normal
166	4814_PyPGx	Normal
167	4815_PyPGx	Normal
168	4816_PyPGx	Normal
169	4817_PyPGx	Normal
170	4818_PyPGx	Normal
171	4821_PyPGx	Normal
172	4823_PyPGx	Normal
173	4824_PyPGx	Normal
174	4826_PyPGx	Normal
175	4829_PyPGx	Normal
176	4830_PyPGx	Normal
177	4832_PyPGx	Normal
178	4833_PyPGx	Normal
179	4834_PyPGx	Normal
180	4838_PyPGx	Normal
181	4842_PyPGx	Normal
182	4843_PyPGx	Normal
183	4845_PyPGx	Normal
184	4850_PyPGx	Normal
185	4851_PyPGx	Normal
186	4852_PyPGx	Normal
187	4853_PyPGx	Normal
188	4855_PyPGx	Normal
189	4858_PyPGx	Normal
190	4861_PyPGx	Normal
191	4863_PyPGx	Normal
192	4864_PyPGx	Normal
193	4866_PyPGx	Normal
194	4867_PyPGx	Normal
195	4868_PyPGx	Normal
196	4870_PyPGx	Normal
197	4871_PyPGx	Normal
198	4873_PyPGx	Normal
199	4876_PyPGx	Normal
200	4878_PyPGx	Normal
201	4879_PyPGx	Normal
202	4880_PyPGx	Normal
203	4881_PyPGx	Normal
204	4882_PyPGx	Normal
205	4883_PyPGx	Normal
206	4885_PyPGx	Normal
207	4888_PyPGx	Normal
208	4890_PyPGx	Normal
209	4891_PyPGx	Normal
210	4892_PyPGx	Normal
211	4893_PyPGx	Normal
212	4897_PyPGx	Normal
213	4898_PyPGx	Normal
214	4900_PyPGx	Normal
215	4901_PyPGx	Normal
216	4903_PyPGx	Normal
217	4908_PyPGx	Normal
218	4909_PyPGx	Normal
219	4910_PyPGx	Normal
220	4915_PyPGx	Normal
221	4918_PyPGx	Normal
222	4921_PyPGx	Normal
223	4922_PyPGx	Normal
224	4924_PyPGx	Normal
225	4926_PyPGx	Normal
226	4927_PyPGx	Normal
227	4933_PyPGx	Normal
228	4935_PyPGx	Normal
229	4936_PyPGx	Normal
230	4939_PyPGx	Normal
231	4940_PyPGx	Normal
232	NA10847_NYGC	DeletionHet
233	NA12234_NYGC	DeletionHet
234	NA12716_NYGC	DeletionHet
235	NA12762_NYGC	DeletionHet
236	NA18547_NYGC	DeletionHet
237	NA18564_NYGC	DeletionHet
238	NA18592_NYGC	DeletionHet
239	NA18622_NYGC	DeletionHet
240	NA10851_NYGC	Duplication
241	NA11832_NYGC	Duplication
242	NA11840_NYGC	Duplication
243	NA11892_NYGC	Duplication
244	NA11918_NYGC	Duplication
245	NA11919_NYGC	Duplication
246	NA11931_NYGC	Duplication
247	NA12044_NYGC	Duplication
248	NA12155_NYGC	Duplication
249	NA12156_NYGC	Duplication
250	NA12283_NYGC	Duplication
251	NA12342_NYGC	Duplication
252	NA12717_NYGC	Duplication
253	NA12760_NYGC	Duplication
254	NA12763_NYGC	Duplication
255	NA12828_NYGC	Duplication
256	NA12843_NYGC	Duplication
257	NA12872_NYGC	Duplication
258	NA12873_NYGC	Duplication
259	NA12874_NYGC	Duplication
260	NA18488_NYGC	Duplication
261	NA18498_NYGC	Duplication
262	NA18501_NYGC	Duplication
263	NA18502_NYGC	Duplication
264	NA18505_NYGC	Duplication
265	NA18508_NYGC	Duplication
266	NA18510_NYGC	Duplication
267	NA18517_NYGC	Duplication
268	NA18519_NYGC	Duplication
269	NA18523_NYGC	Duplication
270	NA18537_NYGC	Duplication
271	NA18548_NYGC	Duplication
272	NA18558_NYGC	Duplication
273	NA18559_NYGC	Duplication
274	NA18561_NYGC	Duplication
275	NA18563_NYGC	Duplication
276	NA18573_NYGC	Duplication
277	NA18577_NYGC	Duplication
278	NA18596_NYGC	Duplication
279	NA18606_NYGC	Duplication
280	NA18608_NYGC	Duplication
281	NA18613_NYGC	Duplication
282	NA18614_NYGC	Duplication
283	NA18618_NYGC	Duplication
284	NA18621_NYGC	Duplication
285	NA18623_NYGC	Duplication
286	NA18625_NYGC	Duplication
287	NA18626_NYGC	Duplication
288	NA18853_NYGC	Duplication
289	NA18856_NYGC	Duplication
290	NA18858_NYGC	Duplication
291	NA18870_NYGC	Duplication
292	NA18907_NYGC	Duplication
293	NA18916_NYGC	Duplication
294	NA07051_NYGC	Multiplication1
295	NA11881_NYGC	Multiplication1
296	NA11894_NYGC	Multiplication1
297	NA12348_NYGC	Multiplication1
298	NA12400_NYGC	Multiplication1
299	NA18486_NYGC	Multiplication1
300	NA18499_NYGC	Multiplication1
301	NA18507_NYGC	Multiplication1
302	NA18511_NYGC	Multiplication1
303	NA18543_NYGC	Multiplication1
304	NA18909_NYGC	Multiplication1
305	NA18949_NYGC	Multiplication1
306	NA18961_NYGC	Multiplication1
307	NA18971_NYGC	Multiplication1
308	NA19005_NYGC	Multiplication1
309	NA19119_NYGC	Multiplication1
310	NA18504_NYGC	Multiplication2
311	NA18520_NYGC	Multiplication2
312	NA18552_NYGC	Multiplication2
313	NA18579_NYGC	Multiplication2
314	NA06984_NYGC	Normal
315	NA06985_NYGC	Normal
316	NA06986_NYGC	Normal
317	NA06989_NYGC	Normal
318	NA06994_NYGC	Normal
319	NA07000_NYGC	Normal
320	NA07037_NYGC	Normal
321	NA07056_NYGC	Normal
322	NA07347_NYGC	Normal
323	NA07357_NYGC	Normal
324	NA11829_NYGC	Normal
325	NA11830_NYGC	Normal
326	NA11831_NYGC	Normal
327	NA11843_NYGC	Normal
328	NA11893_NYGC	Normal
329	NA11920_NYGC	Normal
330	NA11930_NYGC	Normal
331	NA11992_NYGC	Normal
332	NA11994_NYGC	Normal
333	NA11995_NYGC	Normal
334	NA12003_NYGC	Normal
335	NA12004_NYGC	Normal
336	NA12005_NYGC	Normal
337	NA12006_NYGC	Normal
338	NA12043_NYGC	Normal
339	NA12045_NYGC	Normal
340	NA12058_NYGC	Normal
341	NA12144_NYGC	Normal
342	NA12154_NYGC	Normal
343	NA12249_NYGC	Normal
344	NA12272_NYGC	Normal
345	NA12273_NYGC	Normal
346	NA12275_NYGC	Normal
347	NA12282_NYGC	Normal
348	NA12286_NYGC	Normal
349	NA12287_NYGC	Normal
350	NA12340_NYGC	Normal
351	NA12341_NYGC	Normal
352	NA12347_NYGC	Normal
353	NA12383_NYGC	Normal
354	NA12399_NYGC	Normal
355	NA12413_NYGC	Normal
356	NA12414_NYGC	Normal
357	NA12489_NYGC	Normal
358	NA12718_NYGC	Normal
359	NA12748_NYGC	Normal
360	NA12749_NYGC	Normal
361	NA12750_NYGC	Normal
362	NA12751_NYGC	Normal
363	NA12761_NYGC	Normal
364	NA12775_NYGC	Normal
365	NA12776_NYGC	Normal
366	NA12777_NYGC	Normal
367	NA12778_NYGC	Normal
368	NA12812_NYGC	Normal
369	NA12813_NYGC	Normal
370	NA12814_NYGC	Normal
371	NA12815_NYGC	Normal
372	NA12827_NYGC	Normal
373	NA12829_NYGC	Normal
374	NA18535_NYGC	DeletionHet
375	NA18632_NYGC	DeletionHet
376	NA18989_NYGC	DeletionHet
377	NA19036_NYGC	DeletionHet
378	NA18864_NYGC	Multiplication1
379	NA18868_NYGC	Multiplication1
380	NA18923_NYGC	Multiplication1
381	NA18933_NYGC	Multiplication1
382	NA18941_NYGC	Multiplication1
383	NA18994_NYGC	Multiplication1
384	NA19012_NYGC	Multiplication1
385	NA19023_NYGC	Multiplication1
386	NA19027_NYGC	Multiplication1
387	NA19037_NYGC	Multiplication1
388	NA19038_NYGC	Multiplication1
389	NA19066_NYGC	Multiplication1
390	NA19068_NYGC	Multiplication1
391	NA19175_NYGC	Multiplication1
392	NA19198_NYGC	Multiplication1
393	NA19223_NYGC	Multiplication1
394	NA19247_NYGC	Multiplication1
395	NA19308_NYGC	Multiplication1
396	NA19320_NYGC	Multiplication1
397	NA19328_NYGC	Multiplication1
398	NA19331_NYGC	Multiplication1
399	NA19332_NYGC	Multiplication1
400	NA19334_NYGC	Multiplication1
401	NA19374_NYGC	Multiplication1
402	NA19380_NYGC	Multiplication1
403	NA19397_NYGC	Multiplication1
404	NA19430_NYGC	Multiplication1
405	NA19438_NYGC	Multiplication1
406	NA19443_NYGC	Multiplication1
407	NA19445_NYGC	Multiplication1
408	NA18565_NYGC	Multiplication2
409	NA18630_NYGC	Multiplication2
410	NA18641_NYGC	Multiplication2
411	NA18867_NYGC	Multiplication2
412	NA18915_NYGC	Multiplication2
413	NA18983_NYGC	Multiplication2
414	NA18987_NYGC	Multiplication2
415	NA19059_NYGC	Multiplication2
416	NA19077_NYGC	Multiplication2
417	NA19080_NYGC	Multiplication2
418	NA19118_NYGC	Multiplication2
419	NA19121_NYGC	Multiplication2
420	NA19214_NYGC	Multiplication2
421	NA19235_NYGC	Multiplication2
422	NA19316_NYGC	Multiplication2
423	NA19318_NYGC	Multiplication2
424	NA19324_NYGC	Multiplication2
425	NA19376_NYGC	Multiplication2
426	NA19719_NYGC	DeletionHet
427	NA19755_NYGC	DeletionHet
428	NA20514_NYGC	DeletionHet
429	NA20517_NYGC	DeletionHet
430	NA20524_NYGC	DeletionHet
431	NA20535_NYGC	DeletionHet
432	NA20536_NYGC	DeletionHet
433	NA20874_NYGC	DeletionHom
434	DeletionHom_1	DeletionHom
435	DeletionHom_2	DeletionHom
436	DeletionHom_3	DeletionHom
437	DeletionHom_4	DeletionHom
438	DeletionHom_5	DeletionHom
439	NA19472_NYGC	Multiplication1
440	NA19473_NYGC	Multiplication1
441	NA19625_NYGC	Multiplication1
442	NA19678_NYGC	Multiplication1
443	NA19712_NYGC	Multiplication1
444	NA19762_NYGC	Multiplication1
445	NA19908_NYGC	Multiplication1
446	NA19914_NYGC	Multiplication1
447	NA19917_NYGC	Multiplication1
448	NA20278_NYGC	Multiplication1
449	NA20294_NYGC	Multiplication1
450	NA20357_NYGC	Multiplication1
451	NA20506_NYGC	Multiplication1
452	NA20507_NYGC	Multiplication1
453	NA20515_NYGC	Multiplication1
454	NA20522_NYGC	Multiplication1
455	NA20533_NYGC	Multiplication1
456	NA20585_NYGC	Multiplication1
457	HG00113_NYGC	DeletionHet
458	HG00239_NYGC	DeletionHet
459	HG00261_NYGC	DeletionHet
460	HG00308_NYGC	DeletionHet
461	HG00337_NYGC	DeletionHet
462	NA19734_NYGC	DeletionHet
463	NA21105_NYGC	DeletionHet
464	HG00116_NYGC	DeletionHom
465	HG00141_NYGC	Multiplication1
466	HG00364_NYGC	Multiplication1
467	HG00368_NYGC	Multiplication1
468	NA19923_NYGC	Multiplication1
469	NA20902_NYGC	Multiplication1
470	HG00129_NYGC	Multiplication2
471	HG00448_NYGC	Multiplication2
472	HG00452_NYGC	Multiplication2
473	NA19984_NYGC	Multiplication2
474	NA21094_NYGC	Multiplication2
475	HG00671_NYGC	DeletionHet
476	HG01097_NYGC	DeletionHet
477	HG01253_NYGC	DeletionHet
478	HG01348_NYGC	DeletionHet
479	HG00330_NYGC	Multiplication1
480	HG00421_NYGC	Multiplication1
481	HG00534_NYGC	Multiplication1
482	HG00536_NYGC	Multiplication1
483	HG00559_NYGC	Multiplication1
484	HG00560_NYGC	Multiplication1
485	HG00592_NYGC	Multiplication1
486	HG00610_NYGC	Multiplication1
487	HG00626_NYGC	Multiplication1
488	HG00634_NYGC	Multiplication1
489	HG00662_NYGC	Multiplication1
490	HG00683_NYGC	Multiplication1
491	HG00701_NYGC	Multiplication1
492	HG01054_NYGC	Multiplication1
493	HG01094_NYGC	Multiplication1
494	HG01149_NYGC	Multiplication1
495	HG01171_NYGC	Multiplication1
496	HG00404_NYGC	Multiplication2
497	HG00542_NYGC	Multiplication2
498	HG00581_NYGC	Multiplication2
499	HG00607_NYGC	Multiplication2
500	HG00650_NYGC	Multiplication2
501	HG00663_NYGC	Multiplication2
502	HG01085_NYGC	Unknown1
503	Unknown1_1	Unknown1
504	Unknown1_2	Unknown1
505	Unknown1_3	Unknown1
506	Unknown1_4	Unknown1
507	Unknown1_5	Unknown1
508	HG01503_NYGC	DeletionHet
509	HG01510_NYGC	DeletionHet
510	HG01606_NYGC	DeletionHet
511	HG01781_NYGC	DeletionHet
512	HG01926_NYGC	DeletionHet
513	HG00851_NYGC	Multiplication1
514	HG00867_NYGC	Multiplication1
515	HG00978_NYGC	Multiplication1
516	HG00982_NYGC	Multiplication1
517	HG01046_NYGC	Multiplication1
518	HG01507_NYGC	Multiplication1
519	HG01512_NYGC	Multiplication1
520	HG01607_NYGC	Multiplication1
521	HG01624_NYGC	Multiplication1
522	HG01628_NYGC	Multiplication1
523	HG01694_NYGC	Multiplication1
524	HG01779_NYGC	Multiplication1
525	HG01798_NYGC	Multiplication1
526	HG01810_NYGC	Multiplication1
527	HG01848_NYGC	Multiplication1
528	HG01855_NYGC	Multiplication1
529	HG01866_NYGC	Multiplication1
530	HG01869_NYGC	Multiplication1
531	HG02016_NYGC	Multiplication1
532	HG00956_NYGC	Multiplication2
533	HG01595_NYGC	Multiplication2
534	HG01598_NYGC	Multiplication2
535	HG01705_NYGC	Multiplication2
536	HG01794_NYGC	Multiplication2
537	HG01796_NYGC	Multiplication2
538	HG01844_NYGC	Multiplication2
539	HG01871_NYGC	Multiplication2
540	HG01873_NYGC	Multiplication2
541	HG01878_NYGC	Multiplication2
542	HG02028_NYGC	Multiplication2
543	HG03696_NYGC	DeletionHet
544	HG03716_NYGC	DeletionHet
545	HG03730_NYGC	DeletionHet
546	HG03772_NYGC	DeletionHet
547	HG03943_NYGC	DeletionHet
548	HG01312_NYGC	Multiplication2
549	HG01393_NYGC	Multiplication2
550	HG02408_NYGC	Multiplication2
551	HG02536_NYGC	Multiplication2
552	HG02557_NYGC	Multiplication2
553	HG03754_NYGC	Multiplication2
554	HG03926_NYGC	Multiplication2
555	HG03594_NYGC	Unknown2
556	Unknown2_1	Unknown2
557	Unknown2_2	Unknown2
558	Unknown2_3	Unknown2
559	Unknown2_4	Unknown2
560	Unknown2_5	Unknown2