	CNV
NA18564_PyPGx	WholeDel1
NA18942_PyPGx	WholeDel1
NA10851_PyPGx	WholeDup1
NA11832_PyPGx	WholeDup1
NA11839_PyPGx	WholeDup1
NA12156_PyPGx	WholeDup1
NA12717_PyPGx	WholeDup1
NA12873_PyPGx	WholeDup1
NA18509_PyPGx	WholeDup1
NA18519_PyPGx	WholeDup1
NA18540_PyPGx	WholeDup1
NA18952_PyPGx	WholeDup1
NA18980_PyPGx	WholeDup1
NA19095_PyPGx	WholeDup1
NA19176_PyPGx	WholeDup1
NA19178_PyPGx	WholeDup1
NA19213_PyPGx	WholeDup1
NA19226_PyPGx	WholeDup1
NA19789_PyPGx	WholeDup1
NA19920_PyPGx	WholeDup1
NA21781_PyPGx	WholeDup1
NA18868_PyPGx	WholeMultip1
NA19174_PyPGx	WholeMultip1
NA19908_PyPGx	WholeMultip1
NA19917_PyPGx	WholeMultip1
NA10831_PyPGx	WholeMultip1
NA18484_PyPGx	WholeMultip2
NA18552_PyPGx	WholeMultip2
NA18565_PyPGx	WholeMultip2
HG00589_PyPGx	Normal
HG01190_PyPGx	Normal
NA06991_PyPGx	Normal
NA07000_PyPGx	Normal
NA07019_PyPGx	Normal
NA07029_PyPGx	Normal
NA07055_PyPGx	Normal
NA07056_PyPGx	Normal
NA07348_PyPGx	Normal
NA07357_PyPGx	Normal
NA10854_PyPGx	Normal
NA11993_PyPGx	Normal
NA12003_PyPGx	Normal
NA12006_PyPGx	Normal
NA12145_PyPGx	Normal
NA12813_PyPGx	Normal
NA18524_PyPGx	Normal
NA18526_PyPGx	Normal
NA18544_PyPGx	Normal
NA18617_PyPGx	Normal
NA18855_PyPGx	Normal
WholeMultip2_1	WholeMultip2
WholeMultip2_2	WholeMultip2
WholeMultip2_3	WholeMultip2
WholeDel1_1	WholeDel1
WholeDel1_2	WholeDel1
WholeDel1_3	WholeDel1
4759_PyPGx	WholeDel1
4710_PyPGx	WholeDup1
4711_PyPGx	WholeDup1
4717_PyPGx	WholeDup1
4720_PyPGx	WholeDup1
4742_PyPGx	WholeDup1
4745_PyPGx	WholeDup1
4755_PyPGx	WholeDup1
4761_PyPGx	WholeDup1
4765_PyPGx	WholeDup1
4772_PyPGx	WholeDup1
4794_PyPGx	WholeDup1
4808_PyPGx	WholeDup1
4819_PyPGx	WholeDup1
4825_PyPGx	WholeDup1
4827_PyPGx	WholeDup1
4828_PyPGx	WholeDup1
4831_PyPGx	WholeDup1
4839_PyPGx	WholeDup1
4841_PyPGx	WholeDup1
4846_PyPGx	WholeDup1
4847_PyPGx	WholeDup1
4848_PyPGx	WholeDup1
4854_PyPGx	WholeDup1
4857_PyPGx	WholeDup1
4859_PyPGx	WholeDup1
4860_PyPGx	WholeDup1
4862_PyPGx	WholeDup1
4865_PyPGx	WholeDup1
4869_PyPGx	WholeDup1
4872_PyPGx	WholeDup1
4875_PyPGx	WholeDup1
4877_PyPGx	WholeDup1
4884_PyPGx	WholeDup1
4886_PyPGx	WholeDup1
4887_PyPGx	WholeDup1
4894_PyPGx	WholeDup1
4895_PyPGx	WholeDup1
4896_PyPGx	WholeDup1
4899_PyPGx	WholeDup1
4902_PyPGx	WholeDup1
4904_PyPGx	WholeDup1
4911_PyPGx	WholeDup1
4919_PyPGx	WholeDup1
4925_PyPGx	WholeDup1
4928_PyPGx	WholeDup1
4929_PyPGx	WholeDup1
4930_PyPGx	WholeDup1
4931_PyPGx	WholeDup1
4932_PyPGx	WholeDup1
4938_PyPGx	WholeDup1
4840_PyPGx	WholeMultip1
4849_PyPGx	WholeMultip1
4856_PyPGx	WholeMultip1
4874_PyPGx	WholeMultip1
4905_PyPGx	WholeMultip1
4906_PyPGx	WholeMultip1
4934_PyPGx	WholeMultip1
4948_PyPGx	WholeMultip1
4963_PyPGx	WholeMultip1
4740_PyPGx	WholeMultip2
4820_PyPGx	WholeMultip2
4822_PyPGx	WholeMultip2
4844_PyPGx	WholeMultip2
4923_PyPGx	WholeMultip2
4701_PyPGx	Normal
4707_PyPGx	Normal
4709_PyPGx	Normal
4713_PyPGx	Normal
4714_PyPGx	Normal
4715_PyPGx	Normal
4718_PyPGx	Normal
4719_PyPGx	Normal
4721_PyPGx	Normal
4723_PyPGx	Normal
4725_PyPGx	Normal
4727_PyPGx	Normal
4732_PyPGx	Normal
4733_PyPGx	Normal
4734_PyPGx	Normal
4738_PyPGx	Normal
4739_PyPGx	Normal
4741_PyPGx	Normal
4743_PyPGx	Normal
4746_PyPGx	Normal
4747_PyPGx	Normal
4748_PyPGx	Normal
4750_PyPGx	Normal
4751_PyPGx	Normal
4752_PyPGx	Normal
4754_PyPGx	Normal
4756_PyPGx	Normal
4757_PyPGx	Normal
4758_PyPGx	Normal
4763_PyPGx	Normal
4767_PyPGx	Normal
4768_PyPGx	Normal
4773_PyPGx	Normal
4777_PyPGx	Normal
4784_PyPGx	Normal
4790_PyPGx	Normal
4797_PyPGx	Normal
4804_PyPGx	Normal
4807_PyPGx	Normal
4809_PyPGx	Normal
4810_PyPGx	Normal
4811_PyPGx	Normal
4812_PyPGx	Normal
4813_PyPGx	Normal
4814_PyPGx	Normal
4815_PyPGx	Normal
4816_PyPGx	Normal
4817_PyPGx	Normal
4818_PyPGx	Normal
4821_PyPGx	Normal
4823_PyPGx	Normal
4824_PyPGx	Normal
4826_PyPGx	Normal
4829_PyPGx	Normal
4830_PyPGx	Normal
4832_PyPGx	Normal
4833_PyPGx	Normal
4834_PyPGx	Normal
4838_PyPGx	Normal
4842_PyPGx	Normal
4843_PyPGx	Normal
4845_PyPGx	Normal
4850_PyPGx	Normal
4851_PyPGx	Normal
4852_PyPGx	Normal
4853_PyPGx	Normal
4855_PyPGx	Normal
4858_PyPGx	Normal
4861_PyPGx	Normal
4863_PyPGx	Normal
4864_PyPGx	Normal
4866_PyPGx	Normal
4867_PyPGx	Normal
4868_PyPGx	Normal
4870_PyPGx	Normal
4871_PyPGx	Normal
4873_PyPGx	Normal
4876_PyPGx	Normal
4878_PyPGx	Normal
4879_PyPGx	Normal
4880_PyPGx	Normal
4881_PyPGx	Normal
4882_PyPGx	Normal
4883_PyPGx	Normal
4885_PyPGx	Normal
4888_PyPGx	Normal
4890_PyPGx	Normal
4891_PyPGx	Normal
4892_PyPGx	Normal
4893_PyPGx	Normal
4897_PyPGx	Normal
4898_PyPGx	Normal
4900_PyPGx	Normal
4901_PyPGx	Normal
4903_PyPGx	Normal
4908_PyPGx	Normal
4909_PyPGx	Normal
4910_PyPGx	Normal
4915_PyPGx	Normal
4918_PyPGx	Normal
4921_PyPGx	Normal
4922_PyPGx	Normal
4924_PyPGx	Normal
4926_PyPGx	Normal
4927_PyPGx	Normal
4933_PyPGx	Normal
4935_PyPGx	Normal
4936_PyPGx	Normal
4939_PyPGx	Normal
4940_PyPGx	Normal
NA10847_NYGC	WholeDel1
NA12234_NYGC	WholeDel1
NA12716_NYGC	WholeDel1
NA12762_NYGC	WholeDel1
NA18547_NYGC	WholeDel1
NA18564_NYGC	WholeDel1
NA18592_NYGC	WholeDel1
NA18622_NYGC	WholeDel1
NA10851_NYGC	WholeDup1
NA11832_NYGC	WholeDup1
NA11840_NYGC	WholeDup1
NA11892_NYGC	WholeDup1
NA11918_NYGC	WholeDup1
NA11919_NYGC	WholeDup1
NA11931_NYGC	WholeDup1
NA12044_NYGC	WholeDup1
NA12155_NYGC	WholeDup1
NA12156_NYGC	WholeDup1
NA12283_NYGC	WholeDup1
NA12342_NYGC	WholeDup1
NA12717_NYGC	WholeDup1
NA12760_NYGC	WholeDup1
NA12763_NYGC	WholeDup1
NA12828_NYGC	WholeDup1
NA12843_NYGC	WholeDup1
NA12872_NYGC	WholeDup1
NA12873_NYGC	WholeDup1
NA12874_NYGC	WholeDup1
NA18488_NYGC	WholeDup1
NA18498_NYGC	WholeDup1
NA18501_NYGC	WholeDup1
NA18502_NYGC	WholeDup1
NA18505_NYGC	WholeDup1
NA18508_NYGC	WholeDup1
NA18510_NYGC	WholeDup1
NA18517_NYGC	WholeDup1
NA18519_NYGC	WholeDup1
NA18523_NYGC	WholeDup1
NA18537_NYGC	WholeDup1
NA18548_NYGC	WholeDup1
NA18558_NYGC	WholeDup1
NA18559_NYGC	WholeDup1
NA18561_NYGC	WholeDup1
NA18563_NYGC	WholeDup1
NA18573_NYGC	WholeDup1
NA18577_NYGC	WholeDup1
NA18596_NYGC	WholeDup1
NA18606_NYGC	WholeDup1
NA18608_NYGC	WholeDup1
NA18613_NYGC	WholeDup1
NA18614_NYGC	WholeDup1
NA18618_NYGC	WholeDup1
NA18621_NYGC	WholeDup1
NA18623_NYGC	WholeDup1
NA18625_NYGC	WholeDup1
NA18626_NYGC	WholeDup1
NA18853_NYGC	WholeDup1
NA18856_NYGC	WholeDup1
NA18858_NYGC	WholeDup1
NA18870_NYGC	WholeDup1
NA18907_NYGC	WholeDup1
NA18916_NYGC	WholeDup1
NA07051_NYGC	WholeMultip1
NA11881_NYGC	WholeMultip1
NA11894_NYGC	WholeMultip1
NA12348_NYGC	WholeMultip1
NA12400_NYGC	WholeMultip1
NA18486_NYGC	WholeMultip1
NA18499_NYGC	WholeMultip1
NA18507_NYGC	WholeMultip1
NA18511_NYGC	WholeMultip1
NA18543_NYGC	WholeMultip1
NA18909_NYGC	WholeMultip1
NA18949_NYGC	WholeMultip1
NA18961_NYGC	WholeMultip1
NA18971_NYGC	WholeMultip1
NA19005_NYGC	WholeMultip1
NA19119_NYGC	WholeMultip1
NA18504_NYGC	WholeMultip2
NA18520_NYGC	WholeMultip2
NA18552_NYGC	WholeMultip2
NA18579_NYGC	WholeMultip2
NA06984_NYGC	Normal
NA06985_NYGC	Normal
NA06986_NYGC	Normal
NA06989_NYGC	Normal
NA06994_NYGC	Normal
NA07000_NYGC	Normal
NA07037_NYGC	Normal
NA07056_NYGC	Normal
NA07347_NYGC	Normal
NA07357_NYGC	Normal
NA11829_NYGC	Normal
NA11830_NYGC	Normal
NA11831_NYGC	Normal
NA11843_NYGC	Normal
NA11893_NYGC	Normal
NA11920_NYGC	Normal
NA11930_NYGC	Normal
NA11992_NYGC	Normal
NA11994_NYGC	Normal
NA11995_NYGC	Normal
NA12003_NYGC	Normal
NA12004_NYGC	Normal
NA12005_NYGC	Normal
NA12006_NYGC	Normal
NA12043_NYGC	Normal
NA12045_NYGC	Normal
NA12058_NYGC	Normal
NA12144_NYGC	Normal
NA12154_NYGC	Normal
NA12249_NYGC	Normal
NA12272_NYGC	Normal
NA12273_NYGC	Normal
NA12275_NYGC	Normal
NA12282_NYGC	Normal
NA12286_NYGC	Normal
NA12287_NYGC	Normal
NA12340_NYGC	Normal
NA12341_NYGC	Normal
NA12347_NYGC	Normal
NA12383_NYGC	Normal
NA12399_NYGC	Normal
NA12413_NYGC	Normal
NA12414_NYGC	Normal
NA12489_NYGC	Normal
NA12718_NYGC	Normal
NA12748_NYGC	Normal
NA12749_NYGC	Normal
NA12750_NYGC	Normal
NA12751_NYGC	Normal
NA12761_NYGC	Normal
NA12775_NYGC	Normal
NA12776_NYGC	Normal
NA12777_NYGC	Normal
NA12778_NYGC	Normal
NA12812_NYGC	Normal
NA12813_NYGC	Normal
NA12814_NYGC	Normal
NA12815_NYGC	Normal
NA12827_NYGC	Normal
NA12829_NYGC	Normal
NA18535_NYGC	WholeDel1
NA18632_NYGC	WholeDel1
NA18989_NYGC	WholeDel1
NA19036_NYGC	WholeDel1
NA18864_NYGC	WholeMultip1
NA18868_NYGC	WholeMultip1
NA18923_NYGC	WholeMultip1
NA18933_NYGC	WholeMultip1
NA18941_NYGC	WholeMultip1
NA18994_NYGC	WholeMultip1
NA19012_NYGC	WholeMultip1
NA19023_NYGC	WholeMultip1
NA19027_NYGC	WholeMultip1
NA19037_NYGC	WholeMultip1
NA19038_NYGC	WholeMultip1
NA19066_NYGC	WholeMultip1
NA19068_NYGC	WholeMultip1
NA19175_NYGC	WholeMultip1
NA19198_NYGC	WholeMultip1
NA19223_NYGC	WholeMultip1
NA19247_NYGC	WholeMultip1
NA19308_NYGC	WholeMultip1
NA19320_NYGC	WholeMultip1
NA19328_NYGC	WholeMultip1
NA19331_NYGC	WholeMultip1
NA19332_NYGC	WholeMultip1
NA19334_NYGC	WholeMultip1
NA19374_NYGC	WholeMultip1
NA19380_NYGC	WholeMultip1
NA19397_NYGC	WholeMultip1
NA19430_NYGC	WholeMultip1
NA19438_NYGC	WholeMultip1
NA19443_NYGC	WholeMultip1
NA19445_NYGC	WholeMultip1
NA18565_NYGC	WholeMultip2
NA18630_NYGC	WholeMultip2
NA18641_NYGC	WholeMultip2
NA18867_NYGC	WholeMultip2
NA18915_NYGC	WholeMultip2
NA18983_NYGC	WholeMultip2
NA18987_NYGC	WholeMultip2
NA19059_NYGC	WholeMultip2
NA19077_NYGC	WholeMultip2
NA19080_NYGC	WholeMultip2
NA19118_NYGC	WholeMultip2
NA19121_NYGC	WholeMultip2
NA19214_NYGC	WholeMultip2
NA19235_NYGC	WholeMultip2
NA19316_NYGC	WholeMultip2
NA19318_NYGC	WholeMultip2
NA19324_NYGC	WholeMultip2
NA19376_NYGC	WholeMultip2
NA19719_NYGC	WholeDel1
NA19755_NYGC	WholeDel1
NA20514_NYGC	WholeDel1
NA20517_NYGC	WholeDel1
NA20524_NYGC	WholeDel1
NA20535_NYGC	WholeDel1
NA20536_NYGC	WholeDel1
NA20874_NYGC	WholeDel1Hom
WholeDel1Hom_1	WholeDel1Hom
WholeDel1Hom_2	WholeDel1Hom
WholeDel1Hom_3	WholeDel1Hom
WholeDel1Hom_4	WholeDel1Hom
WholeDel1Hom_5	WholeDel1Hom
NA19472_NYGC	WholeMultip1
NA19473_NYGC	WholeMultip1
NA19625_NYGC	WholeMultip1
NA19678_NYGC	WholeMultip1
NA19712_NYGC	WholeMultip1
NA19762_NYGC	WholeMultip1
NA19908_NYGC	WholeMultip1
NA19914_NYGC	WholeMultip1
NA19917_NYGC	WholeMultip1
NA20278_NYGC	WholeMultip1
NA20294_NYGC	WholeMultip1
NA20357_NYGC	WholeMultip1
NA20506_NYGC	WholeMultip1
NA20507_NYGC	WholeMultip1
NA20515_NYGC	WholeMultip1
NA20522_NYGC	WholeMultip1
NA20533_NYGC	WholeMultip1
NA20585_NYGC	WholeMultip1
HG00113_NYGC	WholeDel1
HG00239_NYGC	WholeDel1
HG00261_NYGC	WholeDel1
HG00308_NYGC	WholeDel1
HG00337_NYGC	WholeDel1
NA19734_NYGC	WholeDel1
NA21105_NYGC	WholeDel1
HG00116_NYGC	WholeDel1Hom
HG00141_NYGC	WholeMultip1
HG00364_NYGC	WholeMultip1
HG00368_NYGC	WholeMultip1
NA19923_NYGC	WholeMultip1
NA20902_NYGC	WholeMultip1
HG00129_NYGC	WholeMultip2
HG00448_NYGC	WholeMultip2
HG00452_NYGC	WholeMultip2
NA19984_NYGC	WholeMultip2
NA21094_NYGC	WholeMultip2
HG00671_NYGC	WholeDel1
HG01097_NYGC	WholeDel1
HG01253_NYGC	WholeDel1
HG01348_NYGC	WholeDel1
HG00330_NYGC	WholeMultip1
HG00421_NYGC	WholeMultip1
HG00534_NYGC	WholeMultip1
HG00536_NYGC	WholeMultip1
HG00559_NYGC	WholeMultip1
HG00560_NYGC	WholeMultip1
HG00592_NYGC	WholeMultip1
HG00610_NYGC	WholeMultip1
HG00626_NYGC	WholeMultip1
HG00634_NYGC	WholeMultip1
HG00662_NYGC	WholeMultip1
HG00683_NYGC	WholeMultip1
HG00701_NYGC	WholeMultip1
HG01054_NYGC	WholeMultip1
HG01094_NYGC	WholeMultip1
HG01149_NYGC	WholeMultip1
HG01171_NYGC	WholeMultip1
HG00404_NYGC	WholeMultip2
HG00542_NYGC	WholeMultip2
HG00581_NYGC	WholeMultip2
HG00607_NYGC	WholeMultip2
HG00650_NYGC	WholeMultip2
HG00663_NYGC	WholeMultip2
HG01085_NYGC	Unknown1
Unknown1_1	Unknown1
Unknown1_2	Unknown1
Unknown1_3	Unknown1
Unknown1_4	Unknown1
Unknown1_5	Unknown1
HG01503_NYGC	WholeDel1
HG01510_NYGC	WholeDel1
HG01606_NYGC	WholeDel1
HG01781_NYGC	WholeDel1
HG01926_NYGC	WholeDel1
HG00851_NYGC	WholeMultip1
HG00867_NYGC	WholeMultip1
HG00978_NYGC	WholeMultip1
HG00982_NYGC	WholeMultip1
HG01046_NYGC	WholeMultip1
HG01507_NYGC	WholeMultip1
HG01512_NYGC	WholeMultip1
HG01607_NYGC	WholeMultip1
HG01624_NYGC	WholeMultip1
HG01628_NYGC	WholeMultip1
HG01694_NYGC	WholeMultip1
HG01779_NYGC	WholeMultip1
HG01798_NYGC	WholeMultip1
HG01810_NYGC	WholeMultip1
HG01848_NYGC	WholeMultip1
HG01855_NYGC	WholeMultip1
HG01866_NYGC	WholeMultip1
HG01869_NYGC	WholeMultip1
HG02016_NYGC	WholeMultip1
HG00956_NYGC	WholeMultip2
HG01595_NYGC	WholeMultip2
HG01598_NYGC	WholeMultip2
HG01705_NYGC	WholeMultip2
HG01794_NYGC	WholeMultip2
HG01796_NYGC	WholeMultip2
HG01844_NYGC	WholeMultip2
HG01871_NYGC	WholeMultip2
HG01873_NYGC	WholeMultip2
HG01878_NYGC	WholeMultip2
HG02028_NYGC	WholeMultip2
HG03696_NYGC	WholeDel1
HG03716_NYGC	WholeDel1
HG03730_NYGC	WholeDel1
HG03772_NYGC	WholeDel1
HG03943_NYGC	WholeDel1
HG01312_NYGC	WholeMultip2
HG01393_NYGC	WholeMultip2
HG02408_NYGC	WholeMultip2
HG02536_NYGC	WholeMultip2
HG02557_NYGC	WholeMultip2
HG03754_NYGC	WholeMultip2
HG03926_NYGC	WholeMultip2
HG03594_NYGC	Unknown2
Unknown2_1	Unknown2
Unknown2_2	Unknown2
Unknown2_3	Unknown2
Unknown2_4	Unknown2
Unknown2_5	Unknown2
HG02696_NYGC	WholeDel1
HG02805_NYGC	WholeDel1
HG03024_NYGC	WholeDel1
HG00631_NYGC	WholeMultip2
HG02611_NYGC	WholeMultip2
HG02635_NYGC	WholeMultip2
HG02813_NYGC	WholeMultip2
HG02922_NYGC	WholeMultip2
HG03172_NYGC	WholeMultip2
HG03240_NYGC	WholeMultip2
HG03259_NYGC	WholeMultip2
HG03271_NYGC	WholeMultip2
HG03367_NYGC	WholeMultip2
HG03446_NYGC	WholeMultip2
HG03479_NYGC	WholeMultip2
HG03015_NYGC	Unknown2
HG02238_NYGC	WholeDel1
HG02277_NYGC	WholeDel1
HG02445_NYGC	WholeDel1
HG02035_NYGC	WholeMultip2
HG02122_NYGC	WholeMultip2
HG02154_NYGC	WholeMultip2
HG02221_NYGC	WholeMultip2
HG02384_NYGC	WholeMultip2
HG02621_NYGC	WholeMultip2
HG02642_NYGC	WholeMultip2
HG03311_NYGC	WholeDel1
HG03600_NYGC	WholeDel1
HG03790_NYGC	WholeDel1
HG03875_NYGC	WholeDel1
HG04158_NYGC	WholeDel1
HG01785_NYGC	WholeMultip2
HG02694_NYGC	WholeMultip2
HG02979_NYGC	WholeMultip2
HG03304_NYGC	WholeMultip2
HG03382_NYGC	WholeMultip2
HG03394_NYGC	WholeMultip2
HG03821_NYGC	WholeMultip2
HG03854_NYGC	Unknown3
Unknown3_1	Unknown3
Unknown3_2	Unknown3
Unknown3_3	Unknown3
Unknown3_4	Unknown3
Unknown3_5	Unknown3
HG03742_NYGC	Unknown4
Unknown4_1	Unknown4
Unknown4_2	Unknown4
Unknown4_3	Unknown4
Unknown4_4	Unknown4
Unknown4_5	Unknown4