	CNV
NA18564_PyPGx	DeletionHet
NA18942_PyPGx	DeletionHet
NA10851_PyPGx	Duplication
NA11832_PyPGx	Duplication
NA11839_PyPGx	Duplication
NA12156_PyPGx	Duplication
NA12717_PyPGx	Duplication
NA12873_PyPGx	Duplication
NA18509_PyPGx	Duplication
NA18519_PyPGx	Duplication
NA18540_PyPGx	Duplication
NA18952_PyPGx	Duplication
NA18980_PyPGx	Duplication
NA19095_PyPGx	Duplication
NA19176_PyPGx	Duplication
NA19178_PyPGx	Duplication
NA19213_PyPGx	Duplication
NA19226_PyPGx	Duplication
NA19789_PyPGx	Duplication
NA19920_PyPGx	Duplication
NA21781_PyPGx	Duplication
NA18868_PyPGx	Multiplication1
NA19174_PyPGx	Multiplication1
NA19908_PyPGx	Multiplication1
NA19917_PyPGx	Multiplication1
NA10831_PyPGx	Multiplication1
NA18484_PyPGx	Multiplication2
NA18552_PyPGx	Multiplication2
NA18565_PyPGx	Multiplication2
HG00589_PyPGx	Normal
HG01190_PyPGx	Normal
NA06991_PyPGx	Normal
NA07000_PyPGx	Normal
NA07019_PyPGx	Normal
NA07029_PyPGx	Normal
NA07055_PyPGx	Normal
NA07056_PyPGx	Normal
NA07348_PyPGx	Normal
NA07357_PyPGx	Normal
NA10854_PyPGx	Normal
NA11993_PyPGx	Normal
NA12003_PyPGx	Normal
NA12006_PyPGx	Normal
NA12145_PyPGx	Normal
NA12813_PyPGx	Normal
NA18524_PyPGx	Normal
NA18526_PyPGx	Normal
NA18544_PyPGx	Normal
NA18617_PyPGx	Normal
NA18855_PyPGx	Normal
Multiplication2_1	Multiplication2
Multiplication2_2	Multiplication2
Multiplication2_3	Multiplication2
DeletionHet_1	DeletionHet
DeletionHet_2	DeletionHet
DeletionHet_3	DeletionHet
4759_PyPGx	DeletionHet
4710_PyPGx	Duplication
4711_PyPGx	Duplication
4717_PyPGx	Duplication
4720_PyPGx	Duplication
4742_PyPGx	Duplication
4745_PyPGx	Duplication
4755_PyPGx	Duplication
4761_PyPGx	Duplication
4765_PyPGx	Duplication
4772_PyPGx	Duplication
4794_PyPGx	Duplication
4808_PyPGx	Duplication
4819_PyPGx	Duplication
4825_PyPGx	Duplication
4827_PyPGx	Duplication
4828_PyPGx	Duplication
4831_PyPGx	Duplication
4839_PyPGx	Duplication
4841_PyPGx	Duplication
4846_PyPGx	Duplication
4847_PyPGx	Duplication
4848_PyPGx	Duplication
4854_PyPGx	Duplication
4857_PyPGx	Duplication
4859_PyPGx	Duplication
4860_PyPGx	Duplication
4862_PyPGx	Duplication
4865_PyPGx	Duplication
4869_PyPGx	Duplication
4872_PyPGx	Duplication
4875_PyPGx	Duplication
4877_PyPGx	Duplication
4884_PyPGx	Duplication
4886_PyPGx	Duplication
4887_PyPGx	Duplication
4894_PyPGx	Duplication
4895_PyPGx	Duplication
4896_PyPGx	Duplication
4899_PyPGx	Duplication
4902_PyPGx	Duplication
4904_PyPGx	Duplication
4911_PyPGx	Duplication
4919_PyPGx	Duplication
4925_PyPGx	Duplication
4928_PyPGx	Duplication
4929_PyPGx	Duplication
4930_PyPGx	Duplication
4931_PyPGx	Duplication
4932_PyPGx	Duplication
4938_PyPGx	Duplication
4840_PyPGx	Multiplication1
4849_PyPGx	Multiplication1
4856_PyPGx	Multiplication1
4874_PyPGx	Multiplication1
4905_PyPGx	Multiplication1
4906_PyPGx	Multiplication1
4934_PyPGx	Multiplication1
4948_PyPGx	Multiplication1
4963_PyPGx	Multiplication1
4740_PyPGx	Multiplication2
4820_PyPGx	Multiplication2
4822_PyPGx	Multiplication2
4844_PyPGx	Multiplication2
4923_PyPGx	Multiplication2
4701_PyPGx	Normal
4707_PyPGx	Normal
4709_PyPGx	Normal
4713_PyPGx	Normal
4714_PyPGx	Normal
4715_PyPGx	Normal
4718_PyPGx	Normal
4719_PyPGx	Normal
4721_PyPGx	Normal
4723_PyPGx	Normal
4725_PyPGx	Normal
4727_PyPGx	Normal
4732_PyPGx	Normal
4733_PyPGx	Normal
4734_PyPGx	Normal
4738_PyPGx	Normal
4739_PyPGx	Normal
4741_PyPGx	Normal
4743_PyPGx	Normal
4746_PyPGx	Normal
4747_PyPGx	Normal
4748_PyPGx	Normal
4750_PyPGx	Normal
4751_PyPGx	Normal
4752_PyPGx	Normal
4754_PyPGx	Normal
4756_PyPGx	Normal
4757_PyPGx	Normal
4758_PyPGx	Normal
4763_PyPGx	Normal
4767_PyPGx	Normal
4768_PyPGx	Normal
4773_PyPGx	Normal
4777_PyPGx	Normal
4784_PyPGx	Normal
4790_PyPGx	Normal
4797_PyPGx	Normal
4804_PyPGx	Normal
4807_PyPGx	Normal
4809_PyPGx	Normal
4810_PyPGx	Normal
4811_PyPGx	Normal
4812_PyPGx	Normal
4813_PyPGx	Normal
4814_PyPGx	Normal
4815_PyPGx	Normal
4816_PyPGx	Normal
4817_PyPGx	Normal
4818_PyPGx	Normal
4821_PyPGx	Normal
4823_PyPGx	Normal
4824_PyPGx	Normal
4826_PyPGx	Normal
4829_PyPGx	Normal
4830_PyPGx	Normal
4832_PyPGx	Normal
4833_PyPGx	Normal
4834_PyPGx	Normal
4838_PyPGx	Normal
4842_PyPGx	Normal
4843_PyPGx	Normal
4845_PyPGx	Normal
4850_PyPGx	Normal
4851_PyPGx	Normal
4852_PyPGx	Normal
4853_PyPGx	Normal
4855_PyPGx	Normal
4858_PyPGx	Normal
4861_PyPGx	Normal
4863_PyPGx	Normal
4864_PyPGx	Normal
4866_PyPGx	Normal
4867_PyPGx	Normal
4868_PyPGx	Normal
4870_PyPGx	Normal
4871_PyPGx	Normal
4873_PyPGx	Normal
4876_PyPGx	Normal
4878_PyPGx	Normal
4879_PyPGx	Normal
4880_PyPGx	Normal
4881_PyPGx	Normal
4882_PyPGx	Normal
4883_PyPGx	Normal
4885_PyPGx	Normal
4888_PyPGx	Normal
4890_PyPGx	Normal
4891_PyPGx	Normal
4892_PyPGx	Normal
4893_PyPGx	Normal
4897_PyPGx	Normal
4898_PyPGx	Normal
4900_PyPGx	Normal
4901_PyPGx	Normal
4903_PyPGx	Normal
4908_PyPGx	Normal
4909_PyPGx	Normal
4910_PyPGx	Normal
4915_PyPGx	Normal
4918_PyPGx	Normal
4921_PyPGx	Normal
4922_PyPGx	Normal
4924_PyPGx	Normal
4926_PyPGx	Normal
4927_PyPGx	Normal
4933_PyPGx	Normal
4935_PyPGx	Normal
4936_PyPGx	Normal
4939_PyPGx	Normal
4940_PyPGx	Normal
NA10847_NYGC	DeletionHet
NA12234_NYGC	DeletionHet
NA12716_NYGC	DeletionHet
NA12762_NYGC	DeletionHet
NA18547_NYGC	DeletionHet
NA18564_NYGC	DeletionHet
NA18592_NYGC	DeletionHet
NA18622_NYGC	DeletionHet
NA10851_NYGC	Duplication
NA11832_NYGC	Duplication
NA11840_NYGC	Duplication
NA11892_NYGC	Duplication
NA11918_NYGC	Duplication
NA11919_NYGC	Duplication
NA11931_NYGC	Duplication
NA12044_NYGC	Duplication
NA12155_NYGC	Duplication
NA12156_NYGC	Duplication
NA12283_NYGC	Duplication
NA12342_NYGC	Duplication
NA12717_NYGC	Duplication
NA12760_NYGC	Duplication
NA12763_NYGC	Duplication
NA12828_NYGC	Duplication
NA12843_NYGC	Duplication
NA12872_NYGC	Duplication
NA12873_NYGC	Duplication
NA12874_NYGC	Duplication
NA18488_NYGC	Duplication
NA18498_NYGC	Duplication
NA18501_NYGC	Duplication
NA18502_NYGC	Duplication
NA18505_NYGC	Duplication
NA18508_NYGC	Duplication
NA18510_NYGC	Duplication
NA18517_NYGC	Duplication
NA18519_NYGC	Duplication
NA18523_NYGC	Duplication
NA18537_NYGC	Duplication
NA18548_NYGC	Duplication
NA18558_NYGC	Duplication
NA18559_NYGC	Duplication
NA18561_NYGC	Duplication
NA18563_NYGC	Duplication
NA18573_NYGC	Duplication
NA18577_NYGC	Duplication
NA18596_NYGC	Duplication
NA18606_NYGC	Duplication
NA18608_NYGC	Duplication
NA18613_NYGC	Duplication
NA18614_NYGC	Duplication
NA18618_NYGC	Duplication
NA18621_NYGC	Duplication
NA18623_NYGC	Duplication
NA18625_NYGC	Duplication
NA18626_NYGC	Duplication
NA18853_NYGC	Duplication
NA18856_NYGC	Duplication
NA18858_NYGC	Duplication
NA18870_NYGC	Duplication
NA18907_NYGC	Duplication
NA18916_NYGC	Duplication
NA07051_NYGC	Multiplication1
NA11881_NYGC	Multiplication1
NA11894_NYGC	Multiplication1
NA12348_NYGC	Multiplication1
NA12400_NYGC	Multiplication1
NA18486_NYGC	Multiplication1
NA18499_NYGC	Multiplication1
NA18507_NYGC	Multiplication1
NA18511_NYGC	Multiplication1
NA18543_NYGC	Multiplication1
NA18909_NYGC	Multiplication1
NA18949_NYGC	Multiplication1
NA18961_NYGC	Multiplication1
NA18971_NYGC	Multiplication1
NA19005_NYGC	Multiplication1
NA19119_NYGC	Multiplication1
NA18504_NYGC	Multiplication2
NA18520_NYGC	Multiplication2
NA18552_NYGC	Multiplication2
NA18579_NYGC	Multiplication2
NA06984_NYGC	Normal
NA06985_NYGC	Normal
NA06986_NYGC	Normal
NA06989_NYGC	Normal
NA06994_NYGC	Normal
NA07000_NYGC	Normal
NA07037_NYGC	Normal
NA07056_NYGC	Normal
NA07347_NYGC	Normal
NA07357_NYGC	Normal
NA11829_NYGC	Normal
NA11830_NYGC	Normal
NA11831_NYGC	Normal
NA11843_NYGC	Normal
NA11893_NYGC	Normal
NA11920_NYGC	Normal
NA11930_NYGC	Normal
NA11992_NYGC	Normal
NA11994_NYGC	Normal
NA11995_NYGC	Normal
NA12003_NYGC	Normal
NA12004_NYGC	Normal
NA12005_NYGC	Normal
NA12006_NYGC	Normal
NA12043_NYGC	Normal
NA12045_NYGC	Normal
NA12058_NYGC	Normal
NA12144_NYGC	Normal
NA12154_NYGC	Normal
NA12249_NYGC	Normal
NA12272_NYGC	Normal
NA12273_NYGC	Normal
NA12275_NYGC	Normal
NA12282_NYGC	Normal
NA12286_NYGC	Normal
NA12287_NYGC	Normal
NA12340_NYGC	Normal
NA12341_NYGC	Normal
NA12347_NYGC	Normal
NA12383_NYGC	Normal
NA12399_NYGC	Normal
NA12413_NYGC	Normal
NA12414_NYGC	Normal
NA12489_NYGC	Normal
NA12718_NYGC	Normal
NA12748_NYGC	Normal
NA12749_NYGC	Normal
NA12750_NYGC	Normal
NA12751_NYGC	Normal
NA12761_NYGC	Normal
NA12775_NYGC	Normal
NA12776_NYGC	Normal
NA12777_NYGC	Normal
NA12778_NYGC	Normal
NA12812_NYGC	Normal
NA12813_NYGC	Normal
NA12814_NYGC	Normal
NA12815_NYGC	Normal
NA12827_NYGC	Normal
NA12829_NYGC	Normal
NA18535_NYGC	DeletionHet
NA18632_NYGC	DeletionHet
NA18989_NYGC	DeletionHet
NA19036_NYGC	DeletionHet
NA18864_NYGC	Multiplication1
NA18868_NYGC	Multiplication1
NA18923_NYGC	Multiplication1
NA18933_NYGC	Multiplication1
NA18941_NYGC	Multiplication1
NA18994_NYGC	Multiplication1
NA19012_NYGC	Multiplication1
NA19023_NYGC	Multiplication1
NA19027_NYGC	Multiplication1
NA19037_NYGC	Multiplication1
NA19038_NYGC	Multiplication1
NA19066_NYGC	Multiplication1
NA19068_NYGC	Multiplication1
NA19175_NYGC	Multiplication1
NA19198_NYGC	Multiplication1
NA19223_NYGC	Multiplication1
NA19247_NYGC	Multiplication1
NA19308_NYGC	Multiplication1
NA19320_NYGC	Multiplication1
NA19328_NYGC	Multiplication1
NA19331_NYGC	Multiplication1
NA19332_NYGC	Multiplication1
NA19334_NYGC	Multiplication1
NA19374_NYGC	Multiplication1
NA19380_NYGC	Multiplication1
NA19397_NYGC	Multiplication1
NA19430_NYGC	Multiplication1
NA19438_NYGC	Multiplication1
NA19443_NYGC	Multiplication1
NA19445_NYGC	Multiplication1
NA18565_NYGC	Multiplication2
NA18630_NYGC	Multiplication2
NA18641_NYGC	Multiplication2
NA18867_NYGC	Multiplication2
NA18915_NYGC	Multiplication2
NA18983_NYGC	Multiplication2
NA18987_NYGC	Multiplication2
NA19059_NYGC	Multiplication2
NA19077_NYGC	Multiplication2
NA19080_NYGC	Multiplication2
NA19118_NYGC	Multiplication2
NA19121_NYGC	Multiplication2
NA19214_NYGC	Multiplication2
NA19235_NYGC	Multiplication2
NA19316_NYGC	Multiplication2
NA19318_NYGC	Multiplication2
NA19324_NYGC	Multiplication2
NA19376_NYGC	Multiplication2
NA19719_NYGC	DeletionHet
NA19755_NYGC	DeletionHet
NA20514_NYGC	DeletionHet
NA20517_NYGC	DeletionHet
NA20524_NYGC	DeletionHet
NA20535_NYGC	DeletionHet
NA20536_NYGC	DeletionHet
NA20874_NYGC	DeletionHom
DeletionHom_1	DeletionHom
DeletionHom_2	DeletionHom
DeletionHom_3	DeletionHom
DeletionHom_4	DeletionHom
DeletionHom_5	DeletionHom
NA19472_NYGC	Multiplication1
NA19473_NYGC	Multiplication1
NA19625_NYGC	Multiplication1
NA19678_NYGC	Multiplication1
NA19712_NYGC	Multiplication1
NA19762_NYGC	Multiplication1
NA19908_NYGC	Multiplication1
NA19914_NYGC	Multiplication1
NA19917_NYGC	Multiplication1
NA20278_NYGC	Multiplication1
NA20294_NYGC	Multiplication1
NA20357_NYGC	Multiplication1
NA20506_NYGC	Multiplication1
NA20507_NYGC	Multiplication1
NA20515_NYGC	Multiplication1
NA20522_NYGC	Multiplication1
NA20533_NYGC	Multiplication1
NA20585_NYGC	Multiplication1
HG00113_NYGC	DeletionHet
HG00239_NYGC	DeletionHet
HG00261_NYGC	DeletionHet
HG00308_NYGC	DeletionHet
HG00337_NYGC	DeletionHet
NA19734_NYGC	DeletionHet
NA21105_NYGC	DeletionHet
HG00116_NYGC	DeletionHom
HG00141_NYGC	Multiplication1
HG00364_NYGC	Multiplication1
HG00368_NYGC	Multiplication1
NA19923_NYGC	Multiplication1
NA20902_NYGC	Multiplication1
HG00129_NYGC	Multiplication2
HG00448_NYGC	Multiplication2
HG00452_NYGC	Multiplication2
NA19984_NYGC	Multiplication2
NA21094_NYGC	Multiplication2
HG00671_NYGC	DeletionHet
HG01097_NYGC	DeletionHet
HG01253_NYGC	DeletionHet
HG01348_NYGC	DeletionHet
HG00330_NYGC	Multiplication1
HG00421_NYGC	Multiplication1
HG00534_NYGC	Multiplication1
HG00536_NYGC	Multiplication1
HG00559_NYGC	Multiplication1
HG00560_NYGC	Multiplication1
HG00592_NYGC	Multiplication1
HG00610_NYGC	Multiplication1
HG00626_NYGC	Multiplication1
HG00634_NYGC	Multiplication1
HG00662_NYGC	Multiplication1
HG00683_NYGC	Multiplication1
HG00701_NYGC	Multiplication1
HG01054_NYGC	Multiplication1
HG01094_NYGC	Multiplication1
HG01149_NYGC	Multiplication1
HG01171_NYGC	Multiplication1
HG00404_NYGC	Multiplication2
HG00542_NYGC	Multiplication2
HG00581_NYGC	Multiplication2
HG00607_NYGC	Multiplication2
HG00650_NYGC	Multiplication2
HG00663_NYGC	Multiplication2
HG01085_NYGC	Unknown1
Unknown1_1	Unknown1
Unknown1_2	Unknown1
Unknown1_3	Unknown1
Unknown1_4	Unknown1
Unknown1_5	Unknown1
HG01503_NYGC	DeletionHet
HG01510_NYGC	DeletionHet
HG01606_NYGC	DeletionHet
HG01781_NYGC	DeletionHet
HG01926_NYGC	DeletionHet
HG00851_NYGC	Multiplication1
HG00867_NYGC	Multiplication1
HG00978_NYGC	Multiplication1
HG00982_NYGC	Multiplication1
HG01046_NYGC	Multiplication1
HG01507_NYGC	Multiplication1
HG01512_NYGC	Multiplication1
HG01607_NYGC	Multiplication1
HG01624_NYGC	Multiplication1
HG01628_NYGC	Multiplication1
HG01694_NYGC	Multiplication1
HG01779_NYGC	Multiplication1
HG01798_NYGC	Multiplication1
HG01810_NYGC	Multiplication1
HG01848_NYGC	Multiplication1
HG01855_NYGC	Multiplication1
HG01866_NYGC	Multiplication1
HG01869_NYGC	Multiplication1
HG02016_NYGC	Multiplication1
HG00956_NYGC	Multiplication2
HG01595_NYGC	Multiplication2
HG01598_NYGC	Multiplication2
HG01705_NYGC	Multiplication2
HG01794_NYGC	Multiplication2
HG01796_NYGC	Multiplication2
HG01844_NYGC	Multiplication2
HG01871_NYGC	Multiplication2
HG01873_NYGC	Multiplication2
HG01878_NYGC	Multiplication2
HG02028_NYGC	Multiplication2
HG03696_NYGC	DeletionHet
HG03716_NYGC	DeletionHet
HG03730_NYGC	DeletionHet
HG03772_NYGC	DeletionHet
HG03943_NYGC	DeletionHet
HG01312_NYGC	Multiplication2
HG01393_NYGC	Multiplication2
HG02408_NYGC	Multiplication2
HG02536_NYGC	Multiplication2
HG02557_NYGC	Multiplication2
HG03754_NYGC	Multiplication2
HG03926_NYGC	Multiplication2
HG03594_NYGC	Unknown2
Unknown2_1	Unknown2
Unknown2_2	Unknown2
Unknown2_3	Unknown2
Unknown2_4	Unknown2
Unknown2_5	Unknown2
HG02696_NYGC	DeletionHet
HG02805_NYGC	DeletionHet
HG03024_NYGC	DeletionHet
HG00631_NYGC	Multiplication2
HG02611_NYGC	Multiplication2
HG02635_NYGC	Multiplication2
HG02813_NYGC	Multiplication2
HG02922_NYGC	Multiplication2
HG03172_NYGC	Multiplication2
HG03240_NYGC	Multiplication2
HG03259_NYGC	Multiplication2
HG03271_NYGC	Multiplication2
HG03367_NYGC	Multiplication2
HG03446_NYGC	Multiplication2
HG03479_NYGC	Multiplication2
HG03015_NYGC	Unknown2
HG02238_NYGC	DeletionHet
HG02277_NYGC	DeletionHet
HG02445_NYGC	DeletionHet
HG02035_NYGC	Multiplication2
HG02122_NYGC	Multiplication2
HG02154_NYGC	Multiplication2
HG02221_NYGC	Multiplication2
HG02384_NYGC	Multiplication2
HG02621_NYGC	Multiplication2
HG02642_NYGC	Multiplication2
HG03311_NYGC	DeletionHet
HG03600_NYGC	DeletionHet
HG03790_NYGC	DeletionHet
HG03875_NYGC	DeletionHet
HG04158_NYGC	DeletionHet
HG01785_NYGC	Multiplication2
HG02694_NYGC	Multiplication2
HG02979_NYGC	Multiplication2
HG03304_NYGC	Multiplication2
HG03382_NYGC	Multiplication2
HG03394_NYGC	Multiplication2
HG03821_NYGC	Multiplication2
HG03854_NYGC	Unknown3
Unknown3_1	Unknown3
Unknown3_2	Unknown3
Unknown3_3	Unknown3
Unknown3_4	Unknown3
Unknown3_5	Unknown3
HG03742_NYGC	Unknown4
Unknown4_1	Unknown4
Unknown4_2	Unknown4
Unknown4_3	Unknown4
Unknown4_4	Unknown4
Unknown4_5	Unknown4