	CNV
NA07029_PyPGx	DeletionHet
NA07055_PyPGx	DeletionHet
NA07348_PyPGx	DeletionHet
NA10847_PyPGx	DeletionHet
NA12006_PyPGx	DeletionHet
NA12717_PyPGx	DeletionHet
NA18484_PyPGx	DeletionHet
NA18518_PyPGx	DeletionHet
NA18544_PyPGx	DeletionHet
NA18552_PyPGx	DeletionHet
NA18855_PyPGx	DeletionHet
NA18942_PyPGx	DeletionHet
NA18980_PyPGx	DeletionHet
NA18992_PyPGx	DeletionHet
NA19122_PyPGx	DeletionHet
NA19143_PyPGx	DeletionHet
HG00276_PyPGx	DeletionHom
HG00436_PyPGx	DeletionHom
HG00589_PyPGx	DeletionHom
HG01190_PyPGx	DeletionHom
NA07019_PyPGx	DeletionHom
NA07056_PyPGx	DeletionHom
NA07357_PyPGx	DeletionHom
NA10831_PyPGx	DeletionHom
NA10851_PyPGx	DeletionHom
NA10854_PyPGx	DeletionHom
NA11832_PyPGx	DeletionHom
NA11839_PyPGx	DeletionHom
NA11993_PyPGx	DeletionHom
NA12003_PyPGx	DeletionHom
NA12145_PyPGx	DeletionHom
NA12156_PyPGx	DeletionHom
NA12813_PyPGx	DeletionHom
NA12873_PyPGx	DeletionHom
NA18509_PyPGx	DeletionHom
NA18524_PyPGx	DeletionHom
NA18526_PyPGx	DeletionHom
NA06991_PyPGx	Normal
NA07000_PyPGx	Normal
NA18519_PyPGx	Normal
NA18540_PyPGx	Normal
NA18861_PyPGx	Normal
NA18868_PyPGx	Normal
NA18959_PyPGx	Normal
NA18973_PyPGx	Normal
NA19095_PyPGx	Normal
NA19109_PyPGx	Normal
NA19147_PyPGx	Normal
NA19178_PyPGx	Normal
NA19226_PyPGx	Normal
NA19908_PyPGx	Duplication
Duplication_1	Duplication
Duplication_2	Duplication
Duplication_3	Duplication
Duplication_4	Duplication
Duplication_5	Duplication
NA12775_NYGC	DeletionHet
NA12778_NYGC	DeletionHet
NA12878_NYGC	DeletionHet
NA12890_NYGC	DeletionHet
NA18486_NYGC	DeletionHet
NA18489_NYGC	DeletionHet
NA18499_NYGC	DeletionHet
NA18502_NYGC	DeletionHet
NA18516_NYGC	DeletionHet
NA18520_NYGC	DeletionHet
NA18522_NYGC	DeletionHet
NA18530_NYGC	DeletionHet
NA18534_NYGC	DeletionHet
NA18537_NYGC	DeletionHet
NA18542_NYGC	DeletionHet
NA18543_NYGC	DeletionHet
NA18544_NYGC	DeletionHet
NA18545_NYGC	DeletionHet
NA18546_NYGC	DeletionHet
NA18547_NYGC	DeletionHet
NA18549_NYGC	DeletionHet
NA18550_NYGC	DeletionHet
NA18552_NYGC	DeletionHet
NA18557_NYGC	DeletionHet
NA18563_NYGC	DeletionHet
NA18566_NYGC	DeletionHet
NA18570_NYGC	DeletionHet
NA18577_NYGC	DeletionHet
NA18579_NYGC	DeletionHet
NA18595_NYGC	DeletionHet
NA18596_NYGC	DeletionHet
NA18597_NYGC	DeletionHet
NA18605_NYGC	DeletionHet
NA18608_NYGC	DeletionHet
NA18611_NYGC	DeletionHet
NA18612_NYGC	DeletionHet
NA18613_NYGC	DeletionHet
NA18614_NYGC	DeletionHet
NA18616_NYGC	DeletionHet
NA18619_NYGC	DeletionHet
NA18623_NYGC	DeletionHet
NA18624_NYGC	DeletionHet
NA18625_NYGC	DeletionHet
NA18626_NYGC	DeletionHet
NA18853_NYGC	DeletionHet
NA18870_NYGC	DeletionHet
NA18909_NYGC	DeletionHet
NA18912_NYGC	DeletionHet
NA18940_NYGC	DeletionHet
NA18942_NYGC	DeletionHet
NA06984_NYGC	"DeletionHet,UpstreamDeletionHet"
NA18572_NYGC	"DeletionHet,UpstreamDeletionHet"
NA18582_NYGC	"DeletionHet,UpstreamDeletionHet"
NA18943_NYGC	"DeletionHet,UpstreamDeletionHet"
NA12828_NYGC	DeletionHom
NA12829_NYGC	DeletionHom
NA12842_NYGC	DeletionHom
NA12843_NYGC	DeletionHom
NA12872_NYGC	DeletionHom
NA12873_NYGC	DeletionHom
NA12874_NYGC	DeletionHom
NA12889_NYGC	DeletionHom
NA18488_NYGC	DeletionHom
NA18504_NYGC	DeletionHom
NA18505_NYGC	DeletionHom
NA18507_NYGC	DeletionHom
NA18508_NYGC	DeletionHom
NA18510_NYGC	DeletionHom
NA18511_NYGC	DeletionHom
NA18523_NYGC	DeletionHom
NA18526_NYGC	DeletionHom
NA18532_NYGC	DeletionHom
NA18536_NYGC	DeletionHom
NA18548_NYGC	DeletionHom
NA18555_NYGC	DeletionHom
NA18558_NYGC	DeletionHom
NA18559_NYGC	DeletionHom
NA18561_NYGC	DeletionHom
NA18562_NYGC	DeletionHom
NA18564_NYGC	DeletionHom
NA18571_NYGC	DeletionHom
NA18573_NYGC	DeletionHom
NA18592_NYGC	DeletionHom
NA18593_NYGC	DeletionHom
NA18599_NYGC	DeletionHom
NA18602_NYGC	DeletionHom
NA18603_NYGC	DeletionHom
NA18606_NYGC	DeletionHom
NA18609_NYGC	DeletionHom
NA18610_NYGC	DeletionHom
NA18615_NYGC	DeletionHom
NA18617_NYGC	DeletionHom
NA18618_NYGC	DeletionHom
NA18620_NYGC	DeletionHom
NA18622_NYGC	DeletionHom
NA18627_NYGC	DeletionHom
NA18628_NYGC	DeletionHom
NA18638_NYGC	DeletionHom
NA18944_NYGC	DeletionHom
NA18945_NYGC	DeletionHom
NA18949_NYGC	DeletionHom
NA18952_NYGC	DeletionHom
NA18953_NYGC	DeletionHom
NA18956_NYGC	DeletionHom
NA11894_NYGC	Duplication
NA19098_NYGC	Duplication
NA07000_NYGC	Normal
NA07051_NYGC	Normal
NA11829_NYGC	Normal
NA12347_NYGC	Normal
NA12815_NYGC	Normal
NA18498_NYGC	Normal
NA18501_NYGC	Normal
NA18517_NYGC	Normal
NA18519_NYGC	Normal
NA18621_NYGC	Normal
NA18856_NYGC	Normal
NA18858_NYGC	Normal
NA18861_NYGC	Normal
NA18871_NYGC	Normal
NA18907_NYGC	Normal
NA18916_NYGC	Normal
NA18959_NYGC	Normal
NA18972_NYGC	Normal
NA18973_NYGC	Normal
NA19099_NYGC	Normal
NA19108_NYGC	Normal
NA19114_NYGC	Normal
NA19141_NYGC	Normal
NA19005_NYGC	UpstreamDeletionHet
UpstreamDeletionHet_1	UpstreamDeletionHet
UpstreamDeletionHet_2	UpstreamDeletionHet
UpstreamDeletionHet_3	UpstreamDeletionHet
UpstreamDeletionHet_4	UpstreamDeletionHet
UpstreamDeletionHet_5	UpstreamDeletionHet
NA18640_NYGC	"DeletionHet,UpstreamDeletionHet"
NA18646_NYGC	"DeletionHet,UpstreamDeletionHet"
NA18941_NYGC	"DeletionHet,UpstreamDeletionHet"
NA19090_NYGC	"DeletionHet,UpstreamDeletionHet"
NA18541_NYGC	UpstreamDeletionHet
NA19001_NYGC	UpstreamDeletionHet
NA19066_NYGC	UpstreamDeletionHet
NA19908_NYGC	PartialDuplication
PartialDuplication_1	PartialDuplication
PartialDuplication_2	PartialDuplication
PartialDuplication_3	PartialDuplication
PartialDuplication_4	PartialDuplication
PartialDuplication_5	PartialDuplication
NA20755_NYGC	Duplication
NA20506_NYGC	"DeletionHet,Deletion2"
"DeletionHet,Deletion2_1"	"DeletionHet,Deletion2"
"DeletionHet,Deletion2_2"	"DeletionHet,Deletion2"
"DeletionHet,Deletion2_3"	"DeletionHet,Deletion2"
"DeletionHet,Deletion2_4"	"DeletionHet,Deletion2"
"DeletionHet,Deletion2_5"	"DeletionHet,Deletion2"
NA20895_NYGC	"DeletionHet,Deletion2"
NA21094_NYGC	Duplication
NA21088_NYGC	UpstreamDeletionHet
HG00242_NYGC	"Normal,Deletion2"
NA21097_NYGC	"Normal,Deletion2"
"Normal,Deletion2_1"	"Normal,Deletion2"
"Normal,Deletion2_2"	"Normal,Deletion2"
"Normal,Deletion2_3"	"Normal,Deletion2"
"Normal,Deletion2_4"	"Normal,Deletion2"
"Normal,Deletion2_5"	"Normal,Deletion2"
HG01137_NYGC	"DeletionHet,Deletion2"
HG00653_NYGC	"DeletionHet,UpstreamDeletionHet"
HG01344_NYGC	Duplication
HG01871_NYGC	"DeletionHet,UpstreamDeletionHet"
HG02026_NYGC	"DeletionHet,UpstreamDeletionHet"
HG00864_NYGC	Normal
HG01501_NYGC	Normal
HG01504_NYGC	Normal
HG01510_NYGC	Normal
HG01536_NYGC	Normal
HG01551_NYGC	Normal
HG01565_NYGC	Normal
HG01617_NYGC	Normal
HG01620_NYGC	Normal
HG01675_NYGC	Normal
HG01704_NYGC	Normal
HG01796_NYGC	Normal
HG01878_NYGC	Normal
HG01920_NYGC	Normal
HG01997_NYGC	Normal
HG03589_NYGC	"DeletionHet,UpstreamDeletionHet"
HG03646_NYGC	Duplication
HG03449_NYGC	Duplication
HG02389_NYGC	"DeletionHet,Deletion2"
HG02179_NYGC	"DeletionHet,UpstreamDeletionHet"
HG02395_NYGC	"DeletionHet,UpstreamDeletionHet"
HG04061_NYGC	"DeletionHet,Deletion2"
HG04239_NYGC	"DeletionHet,Deletion2"
HG04189_NYGC	"DeletionHet,UpstreamDeletionHet"
HG02568_NYGC	Duplication
HG03064_NYGC	UpstreamDeletionHet
HG04162_NYGC	UpstreamDeletionHet