	Sample	CNV
1	NA18564_PyPGx	DeletionHet
2	NA18942_PyPGx	DeletionHet
3	NA10851_PyPGx	Duplication
4	NA11832_PyPGx	Duplication
5	NA11839_PyPGx	Duplication
6	NA12156_PyPGx	Duplication
7	NA12717_PyPGx	Duplication
8	NA12873_PyPGx	Duplication
9	NA18509_PyPGx	Duplication
10	NA18519_PyPGx	Duplication
11	NA18540_PyPGx	Duplication
12	NA18952_PyPGx	Duplication
13	NA18980_PyPGx	Duplication
14	NA19095_PyPGx	Duplication
15	NA19176_PyPGx	Duplication
16	NA19178_PyPGx	Duplication
17	NA19213_PyPGx	Duplication
18	NA19226_PyPGx	Duplication
19	NA19789_PyPGx	Duplication
20	NA19920_PyPGx	Duplication
21	NA21781_PyPGx	Duplication
22	NA18868_PyPGx	Multiplication1
23	NA19174_PyPGx	Multiplication1
24	NA19908_PyPGx	Multiplication1
25	NA19917_PyPGx	Multiplication1
26	NA10831_PyPGx	Multiplication1
27	NA18484_PyPGx	Multiplication2
28	NA18552_PyPGx	Multiplication2
29	NA18565_PyPGx	Multiplication2
30	HG00589_PyPGx	Normal
31	HG01190_PyPGx	Normal
32	NA06991_PyPGx	Normal
33	NA07000_PyPGx	Normal
34	NA07019_PyPGx	Normal
35	NA07029_PyPGx	Normal
36	NA07055_PyPGx	Normal
37	NA07056_PyPGx	Normal
38	NA07348_PyPGx	Normal
39	NA07357_PyPGx	Normal
40	NA10854_PyPGx	Normal
41	NA11993_PyPGx	Normal
42	NA12003_PyPGx	Normal
43	NA12006_PyPGx	Normal
44	NA12145_PyPGx	Normal
45	NA12813_PyPGx	Normal
46	NA18524_PyPGx	Normal
47	NA18526_PyPGx	Normal
48	NA18544_PyPGx	Normal
49	NA18617_PyPGx	Normal
50	NA18855_PyPGx	Normal
51	Multiplication2_1	Multiplication2
52	Multiplication2_2	Multiplication2
53	Multiplication2_3	Multiplication2
54	DeletionHet_1	DeletionHet
55	DeletionHet_2	DeletionHet
56	DeletionHet_3	DeletionHet
57	4759_PyPGx	DeletionHet
58	4710_PyPGx	Duplication
59	4711_PyPGx	Duplication
60	4717_PyPGx	Duplication
61	4720_PyPGx	Duplication
62	4742_PyPGx	Duplication
63	4745_PyPGx	Duplication
64	4755_PyPGx	Duplication
65	4761_PyPGx	Duplication
66	4765_PyPGx	Duplication
67	4772_PyPGx	Duplication
68	4794_PyPGx	Duplication
69	4808_PyPGx	Duplication
70	4819_PyPGx	Duplication
71	4825_PyPGx	Duplication
72	4827_PyPGx	Duplication
73	4828_PyPGx	Duplication
74	4831_PyPGx	Duplication
75	4839_PyPGx	Duplication
76	4841_PyPGx	Duplication
77	4846_PyPGx	Duplication
78	4847_PyPGx	Duplication
79	4848_PyPGx	Duplication
80	4854_PyPGx	Duplication
81	4857_PyPGx	Duplication
82	4859_PyPGx	Duplication
83	4860_PyPGx	Duplication
84	4862_PyPGx	Duplication
85	4865_PyPGx	Duplication
86	4869_PyPGx	Duplication
87	4872_PyPGx	Duplication
88	4875_PyPGx	Duplication
89	4877_PyPGx	Duplication
90	4884_PyPGx	Duplication
91	4886_PyPGx	Duplication
92	4887_PyPGx	Duplication
93	4894_PyPGx	Duplication
94	4895_PyPGx	Duplication
95	4896_PyPGx	Duplication
96	4899_PyPGx	Duplication
97	4902_PyPGx	Duplication
98	4904_PyPGx	Duplication
99	4911_PyPGx	Duplication
100	4919_PyPGx	Duplication
101	4925_PyPGx	Duplication
102	4928_PyPGx	Duplication
103	4929_PyPGx	Duplication
104	4930_PyPGx	Duplication
105	4931_PyPGx	Duplication
106	4932_PyPGx	Duplication
107	4938_PyPGx	Duplication
108	4840_PyPGx	Multiplication1
109	4849_PyPGx	Multiplication1
110	4856_PyPGx	Multiplication1
111	4874_PyPGx	Multiplication1
112	4905_PyPGx	Multiplication1
113	4906_PyPGx	Multiplication1
114	4934_PyPGx	Multiplication1
115	4948_PyPGx	Multiplication1
116	4963_PyPGx	Multiplication1
117	4740_PyPGx	Multiplication2
118	4820_PyPGx	Multiplication2
119	4822_PyPGx	Multiplication2
120	4844_PyPGx	Multiplication2
121	4923_PyPGx	Multiplication2
122	4701_PyPGx	Normal
123	4707_PyPGx	Normal
124	4709_PyPGx	Normal
125	4713_PyPGx	Normal
126	4714_PyPGx	Normal
127	4715_PyPGx	Normal
128	4718_PyPGx	Normal
129	4719_PyPGx	Normal
130	4721_PyPGx	Normal
131	4723_PyPGx	Normal
132	4725_PyPGx	Normal
133	4727_PyPGx	Normal
134	4732_PyPGx	Normal
135	4733_PyPGx	Normal
136	4734_PyPGx	Normal
137	4738_PyPGx	Normal
138	4739_PyPGx	Normal
139	4741_PyPGx	Normal
140	4743_PyPGx	Normal
141	4746_PyPGx	Normal
142	4747_PyPGx	Normal
143	4748_PyPGx	Normal
144	4750_PyPGx	Normal
145	4751_PyPGx	Normal
146	4752_PyPGx	Normal
147	4754_PyPGx	Normal
148	4756_PyPGx	Normal
149	4757_PyPGx	Normal
150	4758_PyPGx	Normal
151	4763_PyPGx	Normal
152	4767_PyPGx	Normal
153	4768_PyPGx	Normal
154	4773_PyPGx	Normal
155	4777_PyPGx	Normal
156	4784_PyPGx	Normal
157	4790_PyPGx	Normal
158	4797_PyPGx	Normal
159	4804_PyPGx	Normal
160	4807_PyPGx	Normal
161	4809_PyPGx	Normal
162	4810_PyPGx	Normal
163	4811_PyPGx	Normal
164	4812_PyPGx	Normal
165	4813_PyPGx	Normal
166	4814_PyPGx	Normal
167	4815_PyPGx	Normal
168	4816_PyPGx	Normal
169	4817_PyPGx	Normal
170	4818_PyPGx	Normal
171	4821_PyPGx	Normal
172	4823_PyPGx	Normal
173	4824_PyPGx	Normal
174	4826_PyPGx	Normal
175	4829_PyPGx	Normal
176	4830_PyPGx	Normal
177	4832_PyPGx	Normal
178	4833_PyPGx	Normal
179	4834_PyPGx	Normal
180	4838_PyPGx	Normal
181	4842_PyPGx	Normal
182	4843_PyPGx	Normal
183	4845_PyPGx	Normal
184	4850_PyPGx	Normal
185	4851_PyPGx	Normal
186	4852_PyPGx	Normal
187	4853_PyPGx	Normal
188	4855_PyPGx	Normal
189	4858_PyPGx	Normal
190	4861_PyPGx	Normal
191	4863_PyPGx	Normal
192	4864_PyPGx	Normal
193	4866_PyPGx	Normal
194	4867_PyPGx	Normal
195	4868_PyPGx	Normal
196	4870_PyPGx	Normal
197	4871_PyPGx	Normal
198	4873_PyPGx	Normal
199	4876_PyPGx	Normal
200	4878_PyPGx	Normal
201	4879_PyPGx	Normal
202	4880_PyPGx	Normal
203	4881_PyPGx	Normal
204	4882_PyPGx	Normal
205	4883_PyPGx	Normal
206	4885_PyPGx	Normal
207	4888_PyPGx	Normal
208	4890_PyPGx	Normal
209	4891_PyPGx	Normal
210	4892_PyPGx	Normal
211	4893_PyPGx	Normal
212	4897_PyPGx	Normal
213	4898_PyPGx	Normal
214	4900_PyPGx	Normal
215	4901_PyPGx	Normal
216	4903_PyPGx	Normal
217	4908_PyPGx	Normal
218	4909_PyPGx	Normal
219	4910_PyPGx	Normal
220	4915_PyPGx	Normal
221	4918_PyPGx	Normal
222	4921_PyPGx	Normal
223	4922_PyPGx	Normal
224	4924_PyPGx	Normal
225	4926_PyPGx	Normal
226	4927_PyPGx	Normal
227	4933_PyPGx	Normal
228	4935_PyPGx	Normal
229	4936_PyPGx	Normal
230	4939_PyPGx	Normal
231	4940_PyPGx	Normal