	CNV
NA10831_PyPGx	Normal
NA18855_PyPGx	Normal
NA18617_PyPGx	Normal
NA18973_PyPGx	Normal
NA12003_PyPGx	Normal
NA18519_PyPGx	Normal
HG00276_PyPGx	Normal
NA11993_PyPGx	Normal
NA19917_PyPGx	Normal
NA11832_PyPGx	Normal
NA07029_PyPGx	Normal
NA12813_PyPGx	Normal
HG00589_PyPGx	Normal
NA20296_PyPGx	Normal
NA12717_PyPGx	Normal
NA07056_PyPGx	Normal
NA18484_PyPGx	Normal
NA18540_PyPGx	Normal
NA18966_PyPGx	Normal
NA19143_PyPGx	Normal
NA19908_PyPGx	Intron1DeletionA
NA19095_PyPGx	Normal
NA19226_PyPGx	Normal
NA18868_PyPGx	Normal
NA19178_PyPGx	Normal
NA18564_PyPGx	Normal
NA12145_PyPGx	Normal
NA18861_PyPGx	Intron1DeletionA
HG00436_PyPGx	Normal
NA18552_PyPGx	Normal
NA07000_PyPGx	Normal
NA12006_PyPGx	Normal
NA19007_PyPGx	Normal
NA19239_PyPGx	Normal
NA12156_PyPGx	Normal
NA10854_PyPGx	Normal
NA18980_PyPGx	Normal
NA19207_PyPGx	Normal
NA18526_PyPGx	Normal
NA18959_PyPGx	Normal
NA06991_PyPGx	Normal
NA19109_PyPGx	Intron1DeletionA
NA18952_PyPGx	Normal
NA19789_PyPGx	Normal
HG01190_PyPGx	Normal
NA19122_PyPGx	Normal
NA19819_PyPGx	Normal
NA19213_PyPGx	Normal
NA07055_PyPGx	Normal
NA19174_PyPGx	Normal
4853_PyPGx	Intron1DeletionB
4935_PyPGx	Intron1DeletionB
NA18915_NYGC	Intron1DeletionA
NA18934_NYGC	Intron1DeletionA
NA19027_NYGC	Intron1DeletionA
NA19096_NYGC	Intron1DeletionA
NA19107_NYGC	Intron1DeletionA
NA19320_NYGC	Intron1DeletionA
NA19328_NYGC	Intron1DeletionA
NA19383_NYGC	Intron1DeletionA
Intron1DeletionB_1	Intron1DeletionB
Intron1DeletionB_2	Intron1DeletionB
Intron1DeletionB_3	Intron1DeletionB
Intron1DeletionB_4	Intron1DeletionB
Intron1DeletionB_5	Intron1DeletionB
NA18632_NYGC	Intron1PartialDup
Intron1PartialDup_1	Intron1PartialDup
Intron1PartialDup_2	Intron1PartialDup
Intron1PartialDup_3	Intron1PartialDup
Intron1PartialDup_4	Intron1PartialDup
Intron1PartialDup_5	Intron1PartialDup
NA19908_NYGC	Intron1DeletionA
HG00256_NYGC	Intron1DeletionB
HG01462_NYGC	Intron1DeletionA
HG02477_NYGC	Intron1DeletionA
HG02891_NYGC	Intron1DeletionA
HG02944_NYGC	Intron1DeletionA
HG03024_NYGC	Intron1DeletionA
HG03072_NYGC	Intron1DeletionA
HG03129_NYGC	Intron1DeletionA
HG03195_NYGC	Intron1DeletionA
HG03366_NYGC	Intron1DeletionA
HG03391_NYGC	Intron1DeletionA
HG03246_NYGC	Intron1DeletionB
HG03479_NYGC	Intron1DeletionAHom
Intron1DeletionAHom_1	Intron1DeletionAHom
Intron1DeletionAHom_2	Intron1DeletionAHom
Intron1DeletionAHom_3	Intron1DeletionAHom
Intron1DeletionAHom_4	Intron1DeletionAHom
Intron1DeletionAHom_5	Intron1DeletionAHom
HG02010_NYGC	Intron1DeletionA
HG02107_NYGC	Intron1DeletionA
HG02484_NYGC	Intron1DeletionA
HG02613_NYGC	Intron1DeletionA
HG02620_NYGC	Intron1DeletionA
HG02568_NYGC	Intron1DeletionA
HG03103_NYGC	Intron1DeletionA