	Sample	CNV
1	NA10831_PyPGx	Normal
2	NA18855_PyPGx	Normal
3	NA18617_PyPGx	Normal
4	NA18973_PyPGx	Normal
5	NA12003_PyPGx	Normal
6	NA18519_PyPGx	Normal
7	HG00276_PyPGx	Normal
8	NA11993_PyPGx	Normal
9	NA19917_PyPGx	Normal
10	NA11832_PyPGx	Normal
11	NA07029_PyPGx	Normal
12	NA12813_PyPGx	Normal
13	HG00589_PyPGx	Normal
14	NA20296_PyPGx	Normal
15	NA12717_PyPGx	Normal
16	NA07056_PyPGx	Normal
17	NA18484_PyPGx	Normal
18	NA18540_PyPGx	Normal
19	NA18966_PyPGx	Normal
20	NA19143_PyPGx	Normal
21	NA19908_PyPGx	Intron1Deletion
22	NA19095_PyPGx	Normal
23	NA19226_PyPGx	Normal
24	NA18868_PyPGx	Normal
25	NA19178_PyPGx	Normal
26	NA18564_PyPGx	Normal
27	NA12145_PyPGx	Normal
28	NA18861_PyPGx	Intron1Deletion
29	HG00436_PyPGx	Normal
30	NA18552_PyPGx	Normal
31	NA07000_PyPGx	Normal
32	NA12006_PyPGx	Normal
33	NA19007_PyPGx	Normal
34	NA19239_PyPGx	Normal
35	NA12156_PyPGx	Normal
36	NA10854_PyPGx	Normal
37	NA18980_PyPGx	Normal
38	NA19207_PyPGx	Normal
39	NA18526_PyPGx	Normal
40	NA18959_PyPGx	Normal
41	NA06991_PyPGx	Normal
42	NA19109_PyPGx	Intron1Deletion
43	NA18952_PyPGx	Normal
44	NA19789_PyPGx	Normal
45	HG01190_PyPGx	Normal
46	NA19122_PyPGx	Normal
47	NA19819_PyPGx	Normal
48	NA19213_PyPGx	Normal
49	NA07055_PyPGx	Normal
50	NA19174_PyPGx	Normal