	CNV
NA10831_PyPGx	Normal
NA18855_PyPGx	Normal
NA18617_PyPGx	Normal
NA18973_PyPGx	Normal
NA12003_PyPGx	Normal
NA18519_PyPGx	Normal
HG00276_PyPGx	Normal
NA11993_PyPGx	Normal
NA19917_PyPGx	Normal
NA11832_PyPGx	Normal
NA07029_PyPGx	Normal
NA12813_PyPGx	Normal
HG00589_PyPGx	Normal
NA20296_PyPGx	Normal
NA12717_PyPGx	Normal
NA07056_PyPGx	Normal
NA18484_PyPGx	Normal
NA18540_PyPGx	Normal
NA18966_PyPGx	Normal
NA19143_PyPGx	Normal
NA19908_PyPGx	NoncodingDel1
NA19095_PyPGx	Normal
NA19226_PyPGx	Normal
NA18868_PyPGx	Normal
NA19178_PyPGx	Normal
NA18564_PyPGx	Normal
NA12145_PyPGx	Normal
NA18861_PyPGx	NoncodingDel1
HG00436_PyPGx	Normal
NA18552_PyPGx	Normal
NA07000_PyPGx	Normal
NA12006_PyPGx	Normal
NA19007_PyPGx	Normal
NA19239_PyPGx	Normal
NA12156_PyPGx	Normal
NA10854_PyPGx	Normal
NA18980_PyPGx	Normal
NA19207_PyPGx	Normal
NA18526_PyPGx	Normal
NA18959_PyPGx	Normal
NA06991_PyPGx	Normal
NA19109_PyPGx	NoncodingDel1
NA18952_PyPGx	Normal
NA19789_PyPGx	Normal
HG01190_PyPGx	Normal
NA19122_PyPGx	Normal
NA19819_PyPGx	Normal
NA19213_PyPGx	Normal
NA07055_PyPGx	Normal
NA19174_PyPGx	Normal
4853_PyPGx	NoncodingDel2
4935_PyPGx	NoncodingDel2
NA18915_NYGC	NoncodingDel1
NA18934_NYGC	NoncodingDel1
NA19027_NYGC	NoncodingDel1
NA19096_NYGC	NoncodingDel1
NA19107_NYGC	NoncodingDel1
NA19320_NYGC	NoncodingDel1
NA19328_NYGC	NoncodingDel1
NA19383_NYGC	NoncodingDel1
NoncodingDel2_1	NoncodingDel2
NoncodingDel2_2	NoncodingDel2
NoncodingDel2_3	NoncodingDel2
NoncodingDel2_4	NoncodingDel2
NoncodingDel2_5	NoncodingDel2
NA18632_NYGC	NoncodingDup1
NoncodingDup1_1	NoncodingDup1
NoncodingDup1_2	NoncodingDup1
NoncodingDup1_3	NoncodingDup1
NoncodingDup1_4	NoncodingDup1
NoncodingDup1_5	NoncodingDup1
NA19908_NYGC	NoncodingDel1
HG00256_NYGC	NoncodingDel2
HG01462_NYGC	NoncodingDel1
HG02477_NYGC	NoncodingDel1
HG02891_NYGC	NoncodingDel1
HG02944_NYGC	NoncodingDel1
HG03024_NYGC	NoncodingDel1
HG03072_NYGC	NoncodingDel1
HG03129_NYGC	NoncodingDel1
HG03195_NYGC	NoncodingDel1
HG03366_NYGC	NoncodingDel1
HG03391_NYGC	NoncodingDel1
HG03246_NYGC	NoncodingDel2
HG03479_NYGC	NoncodingDel1Hom
NoncodingDel1Hom_1	NoncodingDel1Hom
NoncodingDel1Hom_2	NoncodingDel1Hom
NoncodingDel1Hom_3	NoncodingDel1Hom
NoncodingDel1Hom_4	NoncodingDel1Hom
NoncodingDel1Hom_5	NoncodingDel1Hom
HG02010_NYGC	NoncodingDel1
HG02107_NYGC	NoncodingDel1
HG02484_NYGC	NoncodingDel1
HG02613_NYGC	NoncodingDel1
HG02620_NYGC	NoncodingDel1
HG02568_NYGC	NoncodingDel1
HG03103_NYGC	NoncodingDel1