	CNV
NA19908_PyPGx	WholeMultip1
NA19095_PyPGx	WholeDup1
NA19226_PyPGx	WholeDup1
NA18868_PyPGx	Normal
NA19178_PyPGx	Normal
NA18564_PyPGx	Normal
NA12145_PyPGx	Normal
NA18861_PyPGx	Normal
HG00436_PyPGx	Normal
NA18552_PyPGx	Normal
NA07000_PyPGx	Normal
NA12006_PyPGx	Normal
NA19007_PyPGx	Normal
NA19239_PyPGx	Normal
NA12156_PyPGx	Normal
NA10854_PyPGx	Normal
NA18980_PyPGx	Normal
NA19207_PyPGx	Normal
NA18526_PyPGx	Normal
NA18959_PyPGx	Normal
NA06991_PyPGx	Normal
NA19109_PyPGx	Normal
NA18952_PyPGx	Normal
NA19789_PyPGx	Normal
HG01190_PyPGx	Normal
NA19122_PyPGx	Normal
NA19819_PyPGx	Normal
NA19213_PyPGx	Normal
NA07055_PyPGx	Normal
NA19174_PyPGx	Normal
NA20509_PyPGx	Normal
NA18992_PyPGx	Normal
NA18565_PyPGx	Normal
NA18524_PyPGx	Normal
NA18942_PyPGx	Normal
NA11839_PyPGx	Normal
NA10851_PyPGx	Normal
NA19176_PyPGx	Normal
NA07357_PyPGx	Normal
NA07019_PyPGx	Normal
NA12873_PyPGx	Normal
NA10847_PyPGx	Normal
NA18518_PyPGx	Normal
NA21781_PyPGx	Normal
NA07348_PyPGx	Normal
NA19003_PyPGx	Normal
NA19143_PyPGx	PartialDup1
NA19920_PyPGx	PartialDup1
NA19147_PyPGx	PartialDup1
NA18509_PyPGx	PartialDup1
WholeMultip1_1	WholeMultip1
WholeMultip1_2	WholeMultip1
WholeMultip1_3	WholeMultip1
WholeMultip1_4	WholeMultip1
WholeMultip1_5	WholeMultip1
WholeDup1_1	WholeDup1
WholeDup1_2	WholeDup1
WholeDup1_3	WholeDup1
WholeDup1_4	WholeDup1
WholeDup1_5	WholeDup1
PartialDup1_1	PartialDup1
PartialDup1_2	PartialDup1
PartialDup1_3	PartialDup1
PartialDup1_4	PartialDup1
PartialDup1_5	PartialDup1
4997_PyPGx	WholeDup1
4842_PyPGx	WholeDup1
4856_PyPGx	WholeDup1
4882_PyPGx	WholeDup1
4928_PyPGx	WholeDup1
NA12234_NYGC	WholeDup1
NA12287_NYGC	WholeDup1
NA12489_NYGC	WholeDup1
NA18505_NYGC	WholeDup1
NA18516_NYGC	WholeDup1
NA18853_NYGC	WholeDup1
NA18948_NYGC	WholeDup1
NA19143_NYGC	PartialDup1
NA18511_NYGC	PartialDup1
NA19114_NYGC	PartialDup1
NA19119_NYGC	PartialDup1
NA19147_NYGC	PartialDup1
NA19153_NYGC	PartialDup1
NA19171_NYGC	PartialDup1
NA19190_NYGC	PartialDup1
NA18501_NYGC	WholeMultip1
NA19225_NYGC	WholeDup2
NA06984_NYGC	Normal
NA06985_NYGC	Normal
NA06986_NYGC	Normal
NA06989_NYGC	Normal
NA06994_NYGC	Normal
NA07000_NYGC	Normal
NA07037_NYGC	Normal
NA07051_NYGC	Normal
NA07056_NYGC	Normal
NA07347_NYGC	Normal
NA07357_NYGC	Normal
NA10847_NYGC	Normal
NA10851_NYGC	Normal
NA11829_NYGC	Normal
NA11830_NYGC	Normal
NA11831_NYGC	Normal
NA11832_NYGC	Normal
NA11840_NYGC	Normal
NA11843_NYGC	Normal
NA11881_NYGC	Normal
NA11892_NYGC	Normal
NA11893_NYGC	Normal
NA11894_NYGC	Normal
NA11918_NYGC	Normal
NA11919_NYGC	Normal
NA11920_NYGC	Normal
NA11930_NYGC	Normal
NA11931_NYGC	Normal
NA11992_NYGC	Normal
NA11994_NYGC	Normal
NA11995_NYGC	Normal
NA12003_NYGC	Normal
NA12004_NYGC	Normal
NA12005_NYGC	Normal
NA12006_NYGC	Normal
NA12043_NYGC	Normal
NA12044_NYGC	Normal
NA12045_NYGC	Normal
NA12058_NYGC	Normal
NA12144_NYGC	Normal
NA12154_NYGC	Normal
NA12155_NYGC	Normal
NA12156_NYGC	Normal
NA12249_NYGC	Normal
NA12272_NYGC	Normal
NA12273_NYGC	Normal
NA12275_NYGC	Normal
NA12282_NYGC	Normal
NA12283_NYGC	Normal
NA12286_NYGC	Normal
WholeDup2_1	WholeDup2
WholeDup2_2	WholeDup2
WholeDup2_3	WholeDup2
WholeDup2_4	WholeDup2
WholeDup2_5	WholeDup2
NA18645_NYGC	WholeDup1
NA18648_NYGC	WholeDup1
NA19037_NYGC	WholeDup1
NA19060_NYGC	WholeDup1
NA19088_NYGC	WholeDup1
NA19095_NYGC	WholeDup1
NA19198_NYGC	WholeDup1
NA19314_NYGC	WholeDup1
NA19328_NYGC	WholeDup1
NA19385_NYGC	WholeDup1
NA18631_NYGC	WholeMultip1
NA18878_NYGC	PartialDup1
NA18933_NYGC	PartialDup1
NA19130_NYGC	PartialDup1
NA19184_NYGC	PartialDup1
NA19189_NYGC	PartialDup1
NA19256_NYGC	PartialDup1
NA19338_NYGC	PartialDup1
NA19394_NYGC	PartialDup1
NA19309_NYGC	PartialDup1Hom
PartialDup1Hom_1	PartialDup1Hom
PartialDup1Hom_2	PartialDup1Hom
PartialDup1Hom_3	PartialDup1Hom
PartialDup1Hom_4	PartialDup1Hom
PartialDup1Hom_5	PartialDup1Hom
NA19701_NYGC	WholeDup1
NA19716_NYGC	WholeDup1
NA20356_NYGC	WholeDup1
NA20357_NYGC	WholeDup1
NA20763_NYGC	WholeDup1
NA20765_NYGC	WholeDup1
NA19908_NYGC	WholeMultip1
NA19901_NYGC	PartialDup1
NA19914_NYGC	PartialDup1
NA19920_NYGC	PartialDup1
NA20282_NYGC	PartialDup1Hom
NA20291_NYGC	WholeMultip2
WholeMultip2_1	WholeMultip2
WholeMultip2_2	WholeMultip2
WholeMultip2_3	WholeMultip2
WholeMultip2_4	WholeMultip2
WholeMultip2_5	WholeMultip2
HG00113_NYGC	WholeDup1
HG00255_NYGC	WholeDup1
HG00309_NYGC	WholeDup1
NA20339_NYGC	WholeDup1
NA19984_NYGC	PartialDup1
HG00428_NYGC	WholeDup1
HG00458_NYGC	WholeDup1
HG00559_NYGC	WholeDup1
HG00590_NYGC	WholeDup1
HG00638_NYGC	WholeDup1
HG01052_NYGC	WholeDup1
HG01183_NYGC	WholeDup1
HG01271_NYGC	WholeDup1
HG01464_NYGC	PartialDup1
HG01064_NYGC	WholeDup1
HG01281_NYGC	WholeDup1
HG01326_NYGC	WholeDup1
HG01403_NYGC	WholeDup1
HG01447_NYGC	WholeDup1
HG02312_NYGC	WholeDup1
HG02439_NYGC	WholeDup1
HG03730_NYGC	WholeDup1
HG03745_NYGC	WholeDup1
HG01142_NYGC	WholeMultip1
HG01556_NYGC	PartialDup1
HG02476_NYGC	PartialDup1
HG02505_NYGC	PartialDup1
HG02635_NYGC	WholeDup1
HG02715_NYGC	WholeDup1
HG02836_NYGC	WholeDup1
HG03049_NYGC	WholeDup1
HG03081_NYGC	WholeDup1
HG03084_NYGC	WholeDup1
HG03410_NYGC	WholeDup1
HG03446_NYGC	WholeDup1
HG02634_NYGC	PartialDup1
HG02771_NYGC	PartialDup1
HG02805_NYGC	PartialDup1
HG02810_NYGC	PartialDup1
HG02813_NYGC	PartialDup1
HG02885_NYGC	PartialDup1
HG02887_NYGC	PartialDup1
HG03057_NYGC	PartialDup1
HG03115_NYGC	PartialDup1
HG03199_NYGC	PartialDup1
HG03247_NYGC	PartialDup1
HG03271_NYGC	PartialDup1
HG03291_NYGC	PartialDup1
HG03343_NYGC	PartialDup1
HG03370_NYGC	PartialDup1
HG03442_NYGC	PartialDup1
HG03470_NYGC	PartialDup1
HG03547_NYGC	PartialDup1
HG03572_NYGC	PartialDup1
HG03072_NYGC	PartialDup1Hom
HG03445_NYGC	WholeDel1
WholeDel1_1	WholeDel1
WholeDel1_2	WholeDel1
WholeDel1_3	WholeDel1
WholeDel1_4	WholeDel1
WholeDel1_5	WholeDel1
HG03301_NYGC	WholeDup1+PartialDup1
HG03401_NYGC	WholeDup1+PartialDup1
WholeDup1+PartialDup1_1	WholeDup1+PartialDup1
WholeDup1+PartialDup1_2	WholeDup1+PartialDup1
WholeDup1+PartialDup1_3	WholeDup1+PartialDup1
WholeDup1+PartialDup1_4	WholeDup1+PartialDup1
WholeDup1+PartialDup1_5	WholeDup1+PartialDup1
HG02537_NYGC	WholeDup1+PartialDup1
HG02614_NYGC	WholeDup1+PartialDup1
HG01697_NYGC	WholeDup1
HG02143_NYGC	WholeDup1
HG02323_NYGC	WholeDup1
HG02401_NYGC	WholeDup1
HG02053_NYGC	WholeMultip1
HG01914_NYGC	PartialDup1
HG01990_NYGC	PartialDup1
HG02255_NYGC	PartialDup1
HG02332_NYGC	PartialDup1
HG02465_NYGC	PartialDup1
HG02479_NYGC	PartialDup1
HG01894_NYGC	PartialDup1Hom
HG01958_NYGC	PartialDup1Hom
HG02309_NYGC	PartialDup1Hom
HG01766_NYGC	WholeDup1
HG02938_NYGC	WholeDup1
HG03091_NYGC	WholeDup1
HG03313_NYGC	WholeDup1
HG03457_NYGC	WholeDup1
HG03640_NYGC	WholeMultip2
HG02881_NYGC	PartialDup1
HG03073_NYGC	PartialDup1
HG03103_NYGC	PartialDup1
HG03432_NYGC	PartialDup1Hom