	CNV
NA19908_PyPGx	Multiplication
NA19095_PyPGx	Duplication1
NA19226_PyPGx	Duplication1
NA18868_PyPGx	Normal
NA19178_PyPGx	Normal
NA18564_PyPGx	Normal
NA12145_PyPGx	Normal
NA18861_PyPGx	Normal
HG00436_PyPGx	Normal
NA18552_PyPGx	Normal
NA07000_PyPGx	Normal
NA12006_PyPGx	Normal
NA19007_PyPGx	Normal
NA19239_PyPGx	Normal
NA12156_PyPGx	Normal
NA10854_PyPGx	Normal
NA18980_PyPGx	Normal
NA19207_PyPGx	Normal
NA18526_PyPGx	Normal
NA18959_PyPGx	Normal
NA06991_PyPGx	Normal
NA19109_PyPGx	Normal
NA18952_PyPGx	Normal
NA19789_PyPGx	Normal
HG01190_PyPGx	Normal
NA19122_PyPGx	Normal
NA19819_PyPGx	Normal
NA19213_PyPGx	Normal
NA07055_PyPGx	Normal
NA19174_PyPGx	Normal
NA20509_PyPGx	Normal
NA18992_PyPGx	Normal
NA18565_PyPGx	Normal
NA18524_PyPGx	Normal
NA18942_PyPGx	Normal
NA11839_PyPGx	Normal
NA10851_PyPGx	Normal
NA19176_PyPGx	Normal
NA07357_PyPGx	Normal
NA07019_PyPGx	Normal
NA12873_PyPGx	Normal
NA10847_PyPGx	Normal
NA18518_PyPGx	Normal
NA21781_PyPGx	Normal
NA07348_PyPGx	Normal
NA19003_PyPGx	Normal
NA19143_PyPGx	PartialDuplicationHet
NA19920_PyPGx	PartialDuplicationHet
NA19147_PyPGx	PartialDuplicationHet
NA18509_PyPGx	PartialDuplicationHet
Multiplication_1	Multiplication
Multiplication_2	Multiplication
Multiplication_3	Multiplication
Multiplication_4	Multiplication
Multiplication_5	Multiplication
Duplication1_1	Duplication1
Duplication1_2	Duplication1
Duplication1_3	Duplication1
Duplication1_4	Duplication1
Duplication1_5	Duplication1
PartialDuplicationHet_1	PartialDuplicationHet
PartialDuplicationHet_2	PartialDuplicationHet
PartialDuplicationHet_3	PartialDuplicationHet
PartialDuplicationHet_4	PartialDuplicationHet
PartialDuplicationHet_5	PartialDuplicationHet
4997_PyPGx	Duplication1
4842_PyPGx	Duplication1
4856_PyPGx	Duplication1
4882_PyPGx	Duplication1
4928_PyPGx	Duplication1
NA12234_NYGC	Duplication1
NA12287_NYGC	Duplication1
NA12489_NYGC	Duplication1
NA18505_NYGC	Duplication1
NA18516_NYGC	Duplication1
NA18853_NYGC	Duplication1
NA18948_NYGC	Duplication1
NA19143_NYGC	PartialDuplicationHet
NA18511_NYGC	PartialDuplicationHet
NA19114_NYGC	PartialDuplicationHet
NA19119_NYGC	PartialDuplicationHet
NA19147_NYGC	PartialDuplicationHet
NA19153_NYGC	PartialDuplicationHet
NA19171_NYGC	PartialDuplicationHet
NA19190_NYGC	PartialDuplicationHet
NA18501_NYGC	Multiplication
NA19225_NYGC	Duplication2
NA06984_NYGC	Normal
NA06985_NYGC	Normal
NA06986_NYGC	Normal
NA06989_NYGC	Normal
NA06994_NYGC	Normal
NA07000_NYGC	Normal
NA07037_NYGC	Normal
NA07051_NYGC	Normal
NA07056_NYGC	Normal
NA07347_NYGC	Normal
NA07357_NYGC	Normal
NA10847_NYGC	Normal
NA10851_NYGC	Normal
NA11829_NYGC	Normal
NA11830_NYGC	Normal
NA11831_NYGC	Normal
NA11832_NYGC	Normal
NA11840_NYGC	Normal
NA11843_NYGC	Normal
NA11881_NYGC	Normal
NA11892_NYGC	Normal
NA11893_NYGC	Normal
NA11894_NYGC	Normal
NA11918_NYGC	Normal
NA11919_NYGC	Normal
NA11920_NYGC	Normal
NA11930_NYGC	Normal
NA11931_NYGC	Normal
NA11992_NYGC	Normal
NA11994_NYGC	Normal
NA11995_NYGC	Normal
NA12003_NYGC	Normal
NA12004_NYGC	Normal
NA12005_NYGC	Normal
NA12006_NYGC	Normal
NA12043_NYGC	Normal
NA12044_NYGC	Normal
NA12045_NYGC	Normal
NA12058_NYGC	Normal
NA12144_NYGC	Normal
NA12154_NYGC	Normal
NA12155_NYGC	Normal
NA12156_NYGC	Normal
NA12249_NYGC	Normal
NA12272_NYGC	Normal
NA12273_NYGC	Normal
NA12275_NYGC	Normal
NA12282_NYGC	Normal
NA12283_NYGC	Normal
NA12286_NYGC	Normal
Duplication2_1	Duplication2
Duplication2_2	Duplication2
Duplication2_3	Duplication2
Duplication2_4	Duplication2
Duplication2_5	Duplication2
NA18645_NYGC	Duplication1
NA18648_NYGC	Duplication1
NA19037_NYGC	Duplication1
NA19060_NYGC	Duplication1
NA19088_NYGC	Duplication1
NA19095_NYGC	Duplication1
NA19198_NYGC	Duplication1
NA19314_NYGC	Duplication1
NA19328_NYGC	Duplication1
NA19385_NYGC	Duplication1
NA18631_NYGC	Multiplication
NA18878_NYGC	PartialDuplicationHet
NA18933_NYGC	PartialDuplicationHet
NA19130_NYGC	PartialDuplicationHet
NA19184_NYGC	PartialDuplicationHet
NA19189_NYGC	PartialDuplicationHet
NA19256_NYGC	PartialDuplicationHet
NA19338_NYGC	PartialDuplicationHet
NA19394_NYGC	PartialDuplicationHet
NA19309_NYGC	PartialDuplicationHom
PartialDuplicationHom_1	PartialDuplicationHom
PartialDuplicationHom_2	PartialDuplicationHom
PartialDuplicationHom_3	PartialDuplicationHom
PartialDuplicationHom_4	PartialDuplicationHom
PartialDuplicationHom_5	PartialDuplicationHom
NA19701_NYGC	Duplication1
NA19716_NYGC	Duplication1
NA20356_NYGC	Duplication1
NA20357_NYGC	Duplication1
NA20763_NYGC	Duplication1
NA20765_NYGC	Duplication1
NA19908_NYGC	Multiplication
NA19901_NYGC	PartialDuplicationHet
NA19914_NYGC	PartialDuplicationHet
NA19920_NYGC	PartialDuplicationHet
NA20282_NYGC	PartialDuplicationHom
NA20291_NYGC	Multiplication2
Multiplication2_1	Multiplication2
Multiplication2_2	Multiplication2
Multiplication2_3	Multiplication2
Multiplication2_4	Multiplication2
Multiplication2_5	Multiplication2
HG00113_NYGC	Duplication1
HG00255_NYGC	Duplication1
HG00309_NYGC	Duplication1
NA20339_NYGC	Duplication1
NA19984_NYGC	PartialDuplicationHet
HG00428_NYGC	Duplication1
HG00458_NYGC	Duplication1
HG00559_NYGC	Duplication1
HG00590_NYGC	Duplication1
HG00638_NYGC	Duplication1
HG01052_NYGC	Duplication1
HG01183_NYGC	Duplication1
HG01271_NYGC	Duplication1
HG01464_NYGC	PartialDuplicationHet
HG01064_NYGC	Duplication1
HG01281_NYGC	Duplication1
HG01326_NYGC	Duplication1
HG01403_NYGC	Duplication1
HG01447_NYGC	Duplication1
HG02312_NYGC	Duplication1
HG02439_NYGC	Duplication1
HG03730_NYGC	Duplication1
HG03745_NYGC	Duplication1
HG01142_NYGC	Multiplication
HG01556_NYGC	PartialDuplicationHet
HG02476_NYGC	PartialDuplicationHet
HG02505_NYGC	PartialDuplicationHet
HG02635_NYGC	Duplication1
HG02715_NYGC	Duplication1
HG02836_NYGC	Duplication1
HG03049_NYGC	Duplication1
HG03081_NYGC	Duplication1
HG03084_NYGC	Duplication1
HG03410_NYGC	Duplication1
HG03446_NYGC	Duplication1
HG02634_NYGC	PartialDuplicationHet
HG02771_NYGC	PartialDuplicationHet
HG02805_NYGC	PartialDuplicationHet
HG02810_NYGC	PartialDuplicationHet
HG02813_NYGC	PartialDuplicationHet
HG02885_NYGC	PartialDuplicationHet
HG02887_NYGC	PartialDuplicationHet
HG03057_NYGC	PartialDuplicationHet
HG03115_NYGC	PartialDuplicationHet
HG03199_NYGC	PartialDuplicationHet
HG03247_NYGC	PartialDuplicationHet
HG03271_NYGC	PartialDuplicationHet
HG03291_NYGC	PartialDuplicationHet
HG03343_NYGC	PartialDuplicationHet
HG03370_NYGC	PartialDuplicationHet
HG03442_NYGC	PartialDuplicationHet
HG03470_NYGC	PartialDuplicationHet
HG03547_NYGC	PartialDuplicationHet
HG03572_NYGC	PartialDuplicationHet
HG03072_NYGC	PartialDuplicationHom
HG03445_NYGC	"Normal,Del"
"Normal,Del_1"	"Normal,Del"
"Normal,Del_2"	"Normal,Del"
"Normal,Del_3"	"Normal,Del"
"Normal,Del_4"	"Normal,Del"
"Normal,Del_5"	"Normal,Del"
HG03301_NYGC	"Dup,PartialDup"
HG03401_NYGC	"Dup,PartialDup"
"Dup,PartialDup_1"	"Dup,PartialDup"
"Dup,PartialDup_2"	"Dup,PartialDup"
"Dup,PartialDup_3"	"Dup,PartialDup"
"Dup,PartialDup_4"	"Dup,PartialDup"
"Dup,PartialDup_5"	"Dup,PartialDup"
HG02537_NYGC	"Dup,PartialDup"
HG02614_NYGC	"Dup,PartialDup"
HG01697_NYGC	Duplication1
HG02143_NYGC	Duplication1
HG02323_NYGC	Duplication1
HG02401_NYGC	Duplication1
HG02053_NYGC	Multiplication
HG01914_NYGC	PartialDuplicationHet
HG01990_NYGC	PartialDuplicationHet
HG02255_NYGC	PartialDuplicationHet
HG02332_NYGC	PartialDuplicationHet
HG02465_NYGC	PartialDuplicationHet
HG02479_NYGC	PartialDuplicationHet
HG01894_NYGC	PartialDuplicationHom
HG01958_NYGC	PartialDuplicationHom
HG02309_NYGC	PartialDuplicationHom
HG01766_NYGC	Duplication1
HG02938_NYGC	Duplication1
HG03091_NYGC	Duplication1
HG03313_NYGC	Duplication1
HG03457_NYGC	Duplication1
HG03640_NYGC	Multiplication2
HG02881_NYGC	PartialDuplicationHet
HG03073_NYGC	PartialDuplicationHet
HG03103_NYGC	PartialDuplicationHet
HG03432_NYGC	PartialDuplicationHom