	Sample	CNV
1	NA19908_PyPGx	Multiplication
2	NA19095_PyPGx	Duplication1
3	NA19226_PyPGx	Duplication1
4	NA18868_PyPGx	Normal
5	NA19178_PyPGx	Normal
6	NA18564_PyPGx	Normal
7	NA12145_PyPGx	Normal
8	NA18861_PyPGx	Normal
9	HG00436_PyPGx	Normal
10	NA18552_PyPGx	Normal
11	NA07000_PyPGx	Normal
12	NA12006_PyPGx	Normal
13	NA19007_PyPGx	Normal
14	NA19239_PyPGx	Normal
15	NA12156_PyPGx	Normal
16	NA10854_PyPGx	Normal
17	NA18980_PyPGx	Normal
18	NA19207_PyPGx	Normal
19	NA18526_PyPGx	Normal
20	NA18959_PyPGx	Normal
21	NA06991_PyPGx	Normal
22	NA19109_PyPGx	Normal
23	NA18952_PyPGx	Normal
24	NA19789_PyPGx	Normal
25	HG01190_PyPGx	Normal
26	NA19122_PyPGx	Normal
27	NA19819_PyPGx	Normal
28	NA19213_PyPGx	Normal
29	NA07055_PyPGx	Normal
30	NA19174_PyPGx	Normal
31	NA20509_PyPGx	Normal
32	NA18992_PyPGx	Normal
33	NA18565_PyPGx	Normal
34	NA18524_PyPGx	Normal
35	NA18942_PyPGx	Normal
36	NA11839_PyPGx	Normal
37	NA10851_PyPGx	Normal
38	NA19176_PyPGx	Normal
39	NA07357_PyPGx	Normal
40	NA07019_PyPGx	Normal
41	NA12873_PyPGx	Normal
42	NA10847_PyPGx	Normal
43	NA18518_PyPGx	Normal
44	NA21781_PyPGx	Normal
45	NA07348_PyPGx	Normal
46	NA19003_PyPGx	Normal
47	NA19143_PyPGx	PartialDuplication
48	NA19920_PyPGx	PartialDuplication
49	NA19147_PyPGx	PartialDuplication
50	NA18509_PyPGx	PartialDuplication
51	Multiplication_1	Multiplication
52	Multiplication_2	Multiplication
53	Multiplication_3	Multiplication
54	Multiplication_4	Multiplication
55	Multiplication_5	Multiplication
56	Duplication1_1	Duplication1
57	Duplication1_2	Duplication1
58	Duplication1_3	Duplication1
59	Duplication1_4	Duplication1
60	Duplication1_5	Duplication1
61	PartialDuplication_1	PartialDuplication
62	PartialDuplication_2	PartialDuplication
63	PartialDuplication_3	PartialDuplication
64	PartialDuplication_4	PartialDuplication
65	PartialDuplication_5	PartialDuplication
66	4997_PyPGx	Duplication1
67	4842_PyPGx	Duplication1
68	4856_PyPGx	Duplication1
69	4882_PyPGx	Duplication1
70	4928_PyPGx	Duplication1