	Sample	CNV
1	NA18855_PyPGx	Intron9Deletion
2	NA18564_PyPGx	Normal
3	NA12145_PyPGx	Normal
4	NA18861_PyPGx	Normal
5	HG00436_PyPGx	Normal
6	NA18552_PyPGx	Normal
7	NA07000_PyPGx	Normal
8	NA12006_PyPGx	Normal
9	NA19007_PyPGx	Normal
10	NA19239_PyPGx	Normal
11	NA12156_PyPGx	Normal
12	NA19147_PyPGx	Normal
13	NA19095_PyPGx	Normal
14	NA10854_PyPGx	Normal
15	NA18980_PyPGx	Normal
16	NA19207_PyPGx	Normal
17	NA18526_PyPGx	Normal
18	NA18959_PyPGx	Normal
19	NA06991_PyPGx	Normal
20	NA19109_PyPGx	Normal
21	NA18952_PyPGx	Normal
22	NA19789_PyPGx	Normal
23	HG01190_PyPGx	Normal
24	NA19122_PyPGx	Normal
25	NA19819_PyPGx	Exon11Deletion
26	NA19213_PyPGx	Normal
27	NA07055_PyPGx	Normal
28	NA19174_PyPGx	Normal
29	NA20509_PyPGx	Normal
30	NA18992_PyPGx	Normal
31	NA18565_PyPGx	Normal
32	NA18524_PyPGx	Normal
33	NA18942_PyPGx	Normal
34	NA11839_PyPGx	Normal
35	NA10851_PyPGx	Normal
36	NA19176_PyPGx	Intron9Deletion
37	NA18509_PyPGx	Intron9Deletion
38	NA19226_PyPGx	Exon11Deletion
39	NA07357_PyPGx	Normal
40	NA07019_PyPGx	Normal
41	NA12873_PyPGx	Normal
42	NA19143_PyPGx	Normal
43	NA10847_PyPGx	Normal
44	NA18518_PyPGx	Normal
45	NA21781_PyPGx	Normal
46	NA07348_PyPGx	Normal
47	NA19003_PyPGx	Normal
48	NA18544_PyPGx	Normal
49	NA18540_PyPGx	Normal
50	NA18966_PyPGx	Normal
51	Exon11Deletion_1	Exon11Deletion
52	Exon11Deletion_2	Exon11Deletion
53	Intron9Deletion_1	Intron9Deletion
54	Intron9Deletion_2	Intron9Deletion
55	NA18923_NYGC	Exon11Deletion
56	NA19035_NYGC	Exon11Deletion
57	NA19041_NYGC	Exon11Deletion
58	NA19096_NYGC	Exon11Deletion
59	NA19318_NYGC	Exon11Deletion
60	NA19338_NYGC	Exon11Deletion
61	NA19404_NYGC	Exon11Deletion
62	NA19391_NYGC	Exon11Deletion
63	NA19027_NYGC	Intron9Deletion
64	NA19042_NYGC	Intron9Deletion
65	NA19121_NYGC	Intron9Deletion
66	NA19130_NYGC	Intron9Deletion
67	NA19197_NYGC	Intron9Deletion
68	NA19307_NYGC	Intron9Deletion
69	NA19310_NYGC	Intron9Deletion
70	NA19332_NYGC	Intron9Deletion
71	NA19360_NYGC	Intron9Deletion
72	NA19377_NYGC	Intron9Deletion
73	NA19429_NYGC	Intron9Deletion
74	NA19457_NYGC	Intron9Deletion
75	NA07048_NYGC	Normal
76	NA11932_NYGC	Normal
77	NA11933_NYGC	Normal
78	NA12046_NYGC	Normal
79	NA18525_NYGC	Normal
80	NA18528_NYGC	Normal
81	NA18531_NYGC	Normal
82	NA18533_NYGC	Normal
83	NA18535_NYGC	Normal
84	NA18538_NYGC	Normal
85	NA18539_NYGC	Normal
86	NA18541_NYGC	Normal
87	NA18553_NYGC	Normal
88	NA18560_NYGC	Normal
89	NA18565_NYGC	Normal
90	NA18567_NYGC	Normal
91	NA18574_NYGC	Normal
92	NA18591_NYGC	Normal
93	NA19030_NYGC	"Intron9Deletion,Exon11Deletion"
94	"Intron9Deletion,Exon11Deletion_1"	"Intron9Deletion,Exon11Deletion"
95	"Intron9Deletion,Exon11Deletion_2"	"Intron9Deletion,Exon11Deletion"
96	"Intron9Deletion,Exon11Deletion_3"	"Intron9Deletion,Exon11Deletion"
97	"Intron9Deletion,Exon11Deletion_4"	"Intron9Deletion,Exon11Deletion"
98	"Intron9Deletion,Exon11Deletion_5"	"Intron9Deletion,Exon11Deletion"