	Sample	CNV
1	HG00276_PyPGx	Female
2	NA06991_PyPGx	Female
3	NA07000_PyPGx	Female
4	NA07019_PyPGx	Female
5	NA07055_PyPGx	Female
6	NA07056_PyPGx	Female
7	NA10831_PyPGx	Female
8	NA10847_PyPGx	Female
9	NA11832_PyPGx	Female
10	NA11993_PyPGx	Female
11	NA12006_PyPGx	Female
12	NA12145_PyPGx	Female
13	NA12156_PyPGx	Female
14	NA12717_PyPGx	Female
15	NA12813_PyPGx	Female
16	NA12873_PyPGx	Female
17	NA18484_PyPGx	Female
18	NA18518_PyPGx	Female
19	NA18526_PyPGx	Female
20	NA18552_PyPGx	Female
21	NA18564_PyPGx	Female
22	NA18565_PyPGx	Female
23	NA18617_PyPGx	Female
24	NA18855_PyPGx	Female
25	NA18861_PyPGx	Female
26	NA18942_PyPGx	Female
27	NA18973_PyPGx	Female
28	NA18980_PyPGx	Female
29	HG00436_PyPGx	Male
30	HG00589_PyPGx	Male
31	HG01190_PyPGx	Male
32	NA07029_PyPGx	Male
33	NA07357_PyPGx	Male
34	NA10851_PyPGx	Male
35	NA11839_PyPGx	Male
36	NA12003_PyPGx	Male
37	NA18509_PyPGx	Male
38	NA18519_PyPGx	Male
39	NA18524_PyPGx	Male
40	NA18544_PyPGx	Male
41	NA18868_PyPGx	Male
42	NA18952_PyPGx	Male
43	NA18959_PyPGx	Male
44	NA18966_PyPGx	Male
45	NA19007_PyPGx	Male
46	NA19174_PyPGx	Male
47	NA19178_PyPGx	Male
48	NA19207_PyPGx	Male
49	NA19213_PyPGx	Male
50	NA19226_PyPGx	Male