	CNV
HG00276_PyPGx	Female
NA06991_PyPGx	Female
NA07000_PyPGx	Female
NA07019_PyPGx	Female
NA07055_PyPGx	Female
NA07056_PyPGx	Female
NA10831_PyPGx	Female
NA10847_PyPGx	Female
NA11832_PyPGx	Female
NA11993_PyPGx	Female
NA12006_PyPGx	Female
NA12145_PyPGx	Female
NA12156_PyPGx	Female
NA12717_PyPGx	Female
NA12813_PyPGx	Female
NA12873_PyPGx	Female
NA18484_PyPGx	Female
NA18518_PyPGx	Female
NA18526_PyPGx	Female
NA18552_PyPGx	Female
NA18564_PyPGx	Female
NA18565_PyPGx	Female
NA18617_PyPGx	Female
NA18855_PyPGx	Female
NA18861_PyPGx	Female
NA18942_PyPGx	Female
NA18973_PyPGx	Female
NA18980_PyPGx	Female
HG00436_PyPGx	Male
HG00589_PyPGx	Male
HG01190_PyPGx	Male
NA07029_PyPGx	Male
NA07357_PyPGx	Male
NA10851_PyPGx	Male
NA11839_PyPGx	Male
NA12003_PyPGx	Male
NA18509_PyPGx	Male
NA18519_PyPGx	Male
NA18524_PyPGx	Male
NA18544_PyPGx	Male
NA18868_PyPGx	Male
NA18952_PyPGx	Male
NA18959_PyPGx	Male
NA18966_PyPGx	Male
NA19007_PyPGx	Male
NA19174_PyPGx	Male
NA19178_PyPGx	Male
NA19207_PyPGx	Male
NA19213_PyPGx	Male
NA19226_PyPGx	Male