	CNV
021ab129bb594be5804b02e08e14d93d	Normal
03bc76a2c27140bc8143c56767ca6877	Normal
0b7cc95044c54d86a81151d856d0c5b2	Normal
0d73bafef55a4a718489f3fdca91fd55	Normal
11a1c7b37a63449f9bc65799567b5710	Normal
141390df39414eaaaa9725a8349d9c45	Normal
20aaa40fcdee4290bfada8dbba5e5232	Normal
20b87673c1224e9db8bdbbe82899309c	Normal
20be9cf6bed64502b85c999ec59c784b	Normal
2176d8cef950450bbb29052359a2d2d1	Normal
228fa4f74dd4431f8eb3526f37e355ed	Normal
22d9ea3d16804243afbfea7e776c5237	Normal
28997710cbae49f5996f6075fcbf74bd	Normal
2b0b4c79e8104ed98ef5cc82d9ca8bd2	Normal
2c9f234af49b4f6a970d8ddef07358e5	Normal
316ab006177d41b484982d7fa4d851ad	Normal
34b739132d0e403d9aa323b1c3edf12a	Normal
3959a73552a04f969d37a04dc869c7a9	Normal
3a7ec2f78f3c40df98248d3ba1354a20	Normal
3ddccd4bcda14140b3e89559d2cf3186	Normal
3fcca708192c4ffe8e57318c7d64e480	Hybrid
4323a15d7b5d4bf2b204e0c0088ba923	Normal
45e24be4dc7d4cb3a2742ce7c05730e8	Normal
543558ae08cd44b3850fc7b835484037	Normal
54db734bc1ec46b29fc6c5c6df35ca65	Normal
5bb329dcb3654e8890985547e82135f6	Normal
5d81e03c86324f209c69093ddf77bb62	Normal
5f006ec8ba3c41a18d9ff92c0a62955a	Normal
6320750d96f747b695f78964df1fad17	Normal
69335e244b5f46e5b56e5360f8f826b7	Normal
69d7b11affce444694e9955b90848028	Normal
6b9f68c07c3e4e3e81669fe390ba1027	Normal
75331ab394f24d56ac73cee5d41fa15b	Normal
7866e1bc7fdc4304863db4a25d1a42e4	Normal
7a29e8a53b6844ddbb42aa165b34fba3	Normal
7a94709935ea412e8b7349828beaf338	Normal
7d077b89f2514fb0b8e002f8d9a10189	Normal
7fdcb4bdabe743feb4abc155bc580b82	Normal
82b808e2886a42f986da3ba811dbeaa4	Normal
8f90214c429f4afc9e0da555cb77f89a	Normal
92ac6fc0f69345aabb9e7bd47452ed70	Normal
932a3f4c888844c39399f1cfdf2bc593	Normal
9e01734a352a41f89266c2ae8c9c13de	Normal
9e3dcdd083ad40dd82fab180a916fb77	Normal
a04f109738f34a358850f5f69d7d8814	Normal
a284eb8f85e54b0ba3c45e30e91a33a1	Normal
a9963d642c584dfab81f5ae694208390	Normal
b462b7941e0642309d5d44e7aae6d42f	Normal
b51b8299a62f4a3eab95d0467e950b7e	Normal
b7988ee8179d4678921602d34400a63a	Normal
TS1_NA19178	Hybrid
Hybrid_1	Hybrid
Hybrid_2	Hybrid