	Sample	CNV
1	NA07019_PyPGx	DeletionHet
2	HG00436_PyPGx	DeletionHet
3	NA19213_PyPGx	DeletionHet
4	NA07029_PyPGx	DeletionHet
5	NA12156_PyPGx	DeletionHet
6	NA20509_PyPGx	DeletionHet
7	NA07055_PyPGx	DeletionHet
8	NA19109_PyPGx	DeletionHet
9	NA12873_PyPGx	DeletionHet
10	NA11832_PyPGx	DeletionHet
11	NA12145_PyPGx	DeletionHet
12	NA07348_PyPGx	DeletionHet
13	NA18855_PyPGx	DeletionHet
14	NA18524_PyPGx	DeletionHet
15	NA18868_PyPGx	DeletionHet
16	NA18564_PyPGx	DeletionHet
17	NA12717_PyPGx	DeletionHet
18	NA19095_PyPGx	DeletionHet
19	HG00589_PyPGx	DeletionHom
20	NA10851_PyPGx	DeletionHom
21	NA12813_PyPGx	DeletionHom
22	NA18973_PyPGx	DeletionHom
23	NA18980_PyPGx	DeletionHom
24	NA18552_PyPGx	DeletionHom
25	NA10831_PyPGx	DeletionHom
26	NA18966_PyPGx	DeletionHom
27	NA19908_PyPGx	DeletionHom
28	NA18952_PyPGx	DeletionHom
29	NA18942_PyPGx	DeletionHom
30	NA18526_PyPGx	DeletionHom
31	NA18617_PyPGx	DeletionHom
32	NA18565_PyPGx	DeletionHom
33	HG00276_PyPGx	DeletionHom
34	NA18484_PyPGx	Normal
35	NA12006_PyPGx	Normal
36	NA19207_PyPGx	Normal
37	NA07357_PyPGx	Normal
38	NA07000_PyPGx	Normal
39	NA06991_PyPGx	Normal
40	NA12003_PyPGx	Normal
41	NA19178_PyPGx	Normal
42	NA10854_PyPGx	Normal
43	NA19174_PyPGx	Normal
44	NA19226_PyPGx	Normal
45	NA19819_PyPGx	Normal
46	NA19920_PyPGx	Normal
47	NA19789_PyPGx	Normal
48	NA18861_PyPGx	Normal
49	NA18518_PyPGx	Normal
50	NA19176_PyPGx	Normal
51	NA07051_NYGC	DeletionHet
52	NA19200_NYGC	DeletionHet
53	NA11830_NYGC	DeletionHet
54	NA18534_NYGC	DeletionHet
55	NA18517_NYGC	DeletionHet
56	NA18948_NYGC	DeletionHet
57	NA12154_NYGC	DeletionHet
58	NA12776_NYGC	DeletionHet
59	NA18870_NYGC	DeletionHet
60	NA19225_NYGC	DeletionHet
61	NA12383_NYGC	DeletionHet
62	NA11995_NYGC	DeletionHet
63	NA19257_NYGC	DeletionHet
64	NA18597_NYGC	DeletionHet
65	NA12045_NYGC	DeletionHet
66	NA12761_NYGC	DeletionHet
67	NA12829_NYGC	DeletionHet
68	NA12043_NYGC	DeletionHet
69	NA18944_NYGC	DeletionHet
70	NA12058_NYGC	DeletionHet
71	NA18573_NYGC	DeletionHet
72	NA18949_NYGC	DeletionHet
73	NA19239_NYGC	DeletionHet
74	NA12155_NYGC	DeletionHet
75	NA12342_NYGC	DeletionHet
76	NA07347_NYGC	DeletionHet
77	NA07056_NYGC	DeletionHet
78	NA11931_NYGC	DeletionHet
79	NA12890_NYGC	DeletionHet
80	NA18871_NYGC	DeletionHet
81	NA11892_NYGC	DeletionHet
82	NA12414_NYGC	DeletionHet
83	NA18960_NYGC	DeletionHet
84	NA06994_NYGC	DeletionHet
85	NA18943_NYGC	DeletionHet
86	NA19147_NYGC	DeletionHet
87	NA18596_NYGC	DeletionHet
88	NA12873_NYGC	DeletionHet
89	NA18858_NYGC	DeletionHet
90	NA12718_NYGC	DeletionHet
91	NA11843_NYGC	DeletionHet
92	NA18564_NYGC	DeletionHet
93	NA12004_NYGC	DeletionHet
94	NA11992_NYGC	DeletionHet
95	NA18945_NYGC	DeletionHet
96	NA18951_NYGC	DeletionHet
97	NA12827_NYGC	DeletionHet
98	NA11832_NYGC	DeletionHet
99	NA12717_NYGC	DeletionHet
100	NA18548_NYGC	DeletionHet
101	NA18572_NYGC	DeletionHom
102	NA18970_NYGC	DeletionHom
103	NA12878_NYGC	DeletionHom
104	NA18953_NYGC	DeletionHom
105	NA18625_NYGC	DeletionHom
106	NA18623_NYGC	DeletionHom
107	NA18532_NYGC	DeletionHom
108	NA19172_NYGC	DeletionHom
109	NA18638_NYGC	DeletionHom
110	NA18976_NYGC	DeletionHom
111	NA18557_NYGC	DeletionHom
112	NA18961_NYGC	DeletionHom
113	NA18563_NYGC	DeletionHom
114	NA18942_NYGC	DeletionHom
115	NA18959_NYGC	DeletionHom
116	NA18617_NYGC	DeletionHom
117	NA11919_NYGC	DeletionHom
118	NA18611_NYGC	DeletionHom
119	NA18967_NYGC	DeletionHom
120	NA12413_NYGC	DeletionHom
121	NA18546_NYGC	DeletionHom
122	NA18971_NYGC	DeletionHom
123	NA12749_NYGC	DeletionHom
124	NA18952_NYGC	DeletionHom
125	NA18624_NYGC	DeletionHom
126	NA18622_NYGC	DeletionHom
127	NA12777_NYGC	DeletionHom
128	NA18562_NYGC	DeletionHom
129	NA18579_NYGC	DeletionHom
130	NA18616_NYGC	DeletionHom
131	NA11918_NYGC	DeletionHom
132	NA18628_NYGC	DeletionHom
133	NA11920_NYGC	DeletionHom
134	NA18547_NYGC	DeletionHom
135	NA06986_NYGC	DeletionHom
136	NA18972_NYGC	DeletionHom
137	NA18570_NYGC	DeletionHom
138	NA18536_NYGC	DeletionHom
139	NA18969_NYGC	DeletionHom
140	NA18627_NYGC	DeletionHom
141	NA18980_NYGC	DeletionHom
142	NA18582_NYGC	DeletionHom
143	NA18619_NYGC	DeletionHom
144	NA18940_NYGC	DeletionHom
145	NA18561_NYGC	DeletionHom
146	NA18615_NYGC	DeletionHom
147	NA18559_NYGC	DeletionHom
148	NA18595_NYGC	DeletionHom
149	NA18613_NYGC	DeletionHom
150	NA12275_NYGC	DeletionHom
151	NA12748_NYGC	Normal
152	NA06984_NYGC	Normal
153	NA19238_NYGC	Normal
154	NA18606_NYGC	Normal
155	NA19129_NYGC	Normal
156	NA18511_NYGC	Normal
157	NA18486_NYGC	Normal
158	NA19206_NYGC	Normal
159	NA18853_NYGC	Normal
160	NA11930_NYGC	Normal
161	NA12249_NYGC	Normal
162	NA11893_NYGC	Normal
163	NA12003_NYGC	Normal
164	NA19138_NYGC	Normal
165	NA12872_NYGC	Normal
166	NA18523_NYGC	Normal
167	NA07000_NYGC	Normal
168	NA12874_NYGC	Normal
169	NA07357_NYGC	Normal
170	NA12283_NYGC	Normal
171	NA12005_NYGC	Normal
172	NA18861_NYGC	Normal
173	NA11831_NYGC	Normal
174	NA19201_NYGC	Normal
175	NA06985_NYGC	Normal
176	NA18550_NYGC	Normal
177	NA18516_NYGC	Normal
178	NA12489_NYGC	Normal
179	NA18510_NYGC	Normal
180	NA18912_NYGC	Normal
181	NA19116_NYGC	Normal
182	NA19207_NYGC	Normal
183	NA18909_NYGC	Normal
184	NA19210_NYGC	Normal
185	NA19190_NYGC	Normal
186	NA11994_NYGC	Normal
187	NA12399_NYGC	Normal
188	NA12760_NYGC	Normal
189	NA12044_NYGC	Normal
190	NA18507_NYGC	Normal
191	NA12144_NYGC	Normal
192	NA19141_NYGC	Normal
193	NA18522_NYGC	Normal
194	NA06989_NYGC	Normal
195	NA18610_NYGC	Normal
196	NA12828_NYGC	Normal
197	NA18501_NYGC	Normal
198	NA11894_NYGC	Normal
199	NA12348_NYGC	Normal
200	NA12282_NYGC	Normal
201	NA19160_NYGC	PartialDeletionHet
202	PartialDeletionHet_1	PartialDeletionHet
203	PartialDeletionHet_2	PartialDeletionHet
204	PartialDeletionHet_3	PartialDeletionHet
205	PartialDeletionHet_4	PartialDeletionHet
206	PartialDeletionHet_5	PartialDeletionHet