	CNV
NA07019_PyPGx	"Normal,Deletion"
HG00436_PyPGx	"Normal,Deletion"
NA19213_PyPGx	"Normal,Deletion"
NA07029_PyPGx	"Normal,Deletion"
NA12156_PyPGx	"Normal,Deletion"
NA20509_PyPGx	"Normal,Deletion"
NA07055_PyPGx	"Normal,Deletion"
NA19109_PyPGx	"Normal,Deletion"
NA12873_PyPGx	"Normal,Deletion"
NA11832_PyPGx	"Normal,Deletion"
NA12145_PyPGx	"Normal,Deletion"
NA07348_PyPGx	"Normal,Deletion"
NA18855_PyPGx	"Normal,Deletion"
NA18524_PyPGx	"Normal,Deletion"
NA18868_PyPGx	"Normal,Deletion"
NA18564_PyPGx	"Normal,Deletion"
NA12717_PyPGx	"Normal,Deletion"
NA19095_PyPGx	"Normal,Deletion"
HG00589_PyPGx	"Deletion,Deletion"
NA10851_PyPGx	"Deletion,Deletion"
NA12813_PyPGx	"Deletion,Deletion"
NA18973_PyPGx	"Deletion,Deletion"
NA18980_PyPGx	"Deletion,Deletion"
NA18552_PyPGx	"Deletion,Deletion"
NA10831_PyPGx	"Deletion,Deletion"
NA18966_PyPGx	"Deletion,Deletion"
NA19908_PyPGx	"Deletion,Deletion"
NA18952_PyPGx	"Deletion,Deletion"
NA18942_PyPGx	"Deletion,Deletion"
NA18526_PyPGx	"Deletion,Deletion"
NA18617_PyPGx	"Deletion,Deletion"
NA18565_PyPGx	"Deletion,Deletion"
HG00276_PyPGx	"Deletion,Deletion"
NA18484_PyPGx	"Normal,Normal"
NA12006_PyPGx	"Normal,Normal"
NA19207_PyPGx	"Normal,Normal"
NA07357_PyPGx	"Normal,Normal"
NA07000_PyPGx	"Normal,Normal"
NA06991_PyPGx	"Normal,Normal"
NA12003_PyPGx	"Normal,Normal"
NA19178_PyPGx	"Normal,Normal"
NA10854_PyPGx	"Normal,Normal"
NA19174_PyPGx	"Normal,Normal"
NA19226_PyPGx	"Normal,Normal"
NA19819_PyPGx	"Normal,Normal"
NA19920_PyPGx	"Normal,Normal"
NA19789_PyPGx	"Normal,Normal"
NA18861_PyPGx	"Normal,Normal"
NA18518_PyPGx	"Normal,Normal"
NA19176_PyPGx	"Normal,Normal"
NA07051_NYGC	"Normal,Deletion"
NA19200_NYGC	"Normal,Deletion"
NA11830_NYGC	"Normal,Deletion"
NA18534_NYGC	"Normal,Deletion"
NA18517_NYGC	"Normal,Deletion"
NA18948_NYGC	"Normal,Deletion"
NA12154_NYGC	"Normal,Deletion"
NA12776_NYGC	"Normal,Deletion"
NA18870_NYGC	"Normal,Deletion"
NA19225_NYGC	"Normal,Deletion"
NA12383_NYGC	"Normal,Deletion"
NA11995_NYGC	"Normal,Deletion"
NA19257_NYGC	"Normal,Deletion"
NA18597_NYGC	"Normal,Deletion"
NA12045_NYGC	"Normal,Deletion"
NA12761_NYGC	"Normal,Deletion"
NA12829_NYGC	"Normal,Deletion"
NA12043_NYGC	"Normal,Deletion"
NA18944_NYGC	"Normal,Deletion"
NA12058_NYGC	"Normal,Deletion"
NA18573_NYGC	"Normal,Deletion"
NA18949_NYGC	"Normal,Deletion"
NA19239_NYGC	"Normal,Deletion"
NA12155_NYGC	"Normal,Deletion"
NA12342_NYGC	"Normal,Deletion"
NA07347_NYGC	"Normal,Deletion"
NA07056_NYGC	"Normal,Deletion"
NA11931_NYGC	"Normal,Deletion"
NA12890_NYGC	"Normal,Deletion"
NA18871_NYGC	"Normal,Deletion"
NA11892_NYGC	"Normal,Deletion"
NA12414_NYGC	"Normal,Deletion"
NA18960_NYGC	"Normal,Deletion"
NA06994_NYGC	"Normal,Deletion"
NA18943_NYGC	"Normal,Deletion"
NA19147_NYGC	"Normal,Deletion"
NA18596_NYGC	"Normal,Deletion"
NA12873_NYGC	"Normal,Deletion"
NA18858_NYGC	"Normal,Deletion"
NA12718_NYGC	"Normal,Deletion"
NA11843_NYGC	"Normal,Deletion"
NA18564_NYGC	"Normal,Deletion"
NA12004_NYGC	"Normal,Deletion"
NA11992_NYGC	"Normal,Deletion"
NA18945_NYGC	"Normal,Deletion"
NA18951_NYGC	"Normal,Deletion"
NA12827_NYGC	"Normal,Deletion"
NA11832_NYGC	"Normal,Deletion"
NA12717_NYGC	"Normal,Deletion"
NA18548_NYGC	"Normal,Deletion"
NA18572_NYGC	"Deletion,Deletion"
NA18970_NYGC	"Deletion,Deletion"
NA12878_NYGC	"Deletion,Deletion"
NA18953_NYGC	"Deletion,Deletion"
NA18625_NYGC	"Deletion,Deletion"
NA18623_NYGC	"Deletion,Deletion"
NA18532_NYGC	"Deletion,Deletion"
NA19172_NYGC	"Deletion,Deletion"
NA18638_NYGC	"Deletion,Deletion"
NA18976_NYGC	"Deletion,Deletion"
NA18557_NYGC	"Deletion,Deletion"
NA18961_NYGC	"Deletion,Deletion"
NA18563_NYGC	"Deletion,Deletion"
NA18942_NYGC	"Deletion,Deletion"
NA18959_NYGC	"Deletion,Deletion"
NA18617_NYGC	"Deletion,Deletion"
NA11919_NYGC	"Deletion,Deletion"
NA18611_NYGC	"Deletion,Deletion"
NA18967_NYGC	"Deletion,Deletion"
NA12413_NYGC	"Deletion,Deletion"
NA18546_NYGC	"Deletion,Deletion"
NA18971_NYGC	"Deletion,Deletion"
NA12749_NYGC	"Deletion,Deletion"
NA18952_NYGC	"Deletion,Deletion"
NA18624_NYGC	"Deletion,Deletion"
NA18622_NYGC	"Deletion,Deletion"
NA12777_NYGC	"Deletion,Deletion"
NA18562_NYGC	"Deletion,Deletion"
NA18579_NYGC	"Deletion,Deletion"
NA18616_NYGC	"Deletion,Deletion"
NA11918_NYGC	"Deletion,Deletion"
NA18628_NYGC	"Deletion,Deletion"
NA11920_NYGC	"Deletion,Deletion"
NA18547_NYGC	"Deletion,Deletion"
NA06986_NYGC	"Deletion,Deletion"
NA18972_NYGC	"Deletion,Deletion"
NA18570_NYGC	"Deletion,Deletion"
NA18536_NYGC	"Deletion,Deletion"
NA18969_NYGC	"Deletion,Deletion"
NA18627_NYGC	"Deletion,Deletion"
NA18980_NYGC	"Deletion,Deletion"
NA18582_NYGC	"Deletion,Deletion"
NA18619_NYGC	"Deletion,Deletion"
NA18940_NYGC	"Deletion,Deletion"
NA18561_NYGC	"Deletion,Deletion"
NA18615_NYGC	"Deletion,Deletion"
NA18559_NYGC	"Deletion,Deletion"
NA18595_NYGC	"Deletion,Deletion"
NA18613_NYGC	"Deletion,Deletion"
NA12275_NYGC	"Deletion,Deletion"
NA12748_NYGC	"Normal,Normal"
NA06984_NYGC	"Normal,Normal"
NA19238_NYGC	"Normal,Normal"
NA18606_NYGC	"Normal,Normal"
NA19129_NYGC	"Normal,Normal"
NA18511_NYGC	"Normal,Normal"
NA18486_NYGC	"Normal,Normal"
NA19206_NYGC	"Normal,Normal"
NA18853_NYGC	"Normal,Normal"
NA11930_NYGC	"Normal,Normal"
NA12249_NYGC	"Normal,Normal"
NA11893_NYGC	"Normal,Normal"
NA12003_NYGC	"Normal,Normal"
NA19138_NYGC	"Normal,Normal"
NA12872_NYGC	"Normal,Normal"
NA18523_NYGC	"Normal,Normal"
NA07000_NYGC	"Normal,Normal"
NA12874_NYGC	"Normal,Normal"
NA07357_NYGC	"Normal,Normal"
NA12283_NYGC	"Normal,Normal"
NA12005_NYGC	"Normal,Normal"
NA18861_NYGC	"Normal,Normal"
NA11831_NYGC	"Normal,Normal"
NA19201_NYGC	"Normal,Normal"
NA06985_NYGC	"Normal,Normal"
NA18550_NYGC	"Normal,Normal"
NA18516_NYGC	"Normal,Normal"
NA12489_NYGC	"Normal,Normal"
NA18510_NYGC	"Normal,Normal"
NA18912_NYGC	"Normal,Normal"
NA19116_NYGC	"Normal,Normal"
NA19207_NYGC	"Normal,Normal"
NA18909_NYGC	"Normal,Normal"
NA19210_NYGC	"Normal,Normal"
NA19190_NYGC	"Normal,Normal"
NA11994_NYGC	"Normal,Normal"
NA12399_NYGC	"Normal,Normal"
NA12760_NYGC	"Normal,Normal"
NA12044_NYGC	"Normal,Normal"
NA18507_NYGC	"Normal,Normal"
NA12144_NYGC	"Normal,Normal"
NA19141_NYGC	"Normal,Normal"
NA18522_NYGC	"Normal,Normal"
NA06989_NYGC	"Normal,Normal"
NA18610_NYGC	"Normal,Normal"
NA12828_NYGC	"Normal,Normal"
NA18501_NYGC	"Normal,Normal"
NA11894_NYGC	"Normal,Normal"
NA12348_NYGC	"Normal,Normal"
NA12282_NYGC	"Normal,Normal"
NA19160_NYGC	"Deletion,PartialDeletion1"
"Deletion,PartialDeletion1_1"	"Deletion,PartialDeletion1"
"Deletion,PartialDeletion1_2"	"Deletion,PartialDeletion1"
"Deletion,PartialDeletion1_3"	"Deletion,PartialDeletion1"
"Deletion,PartialDeletion1_4"	"Deletion,PartialDeletion1"
"Deletion,PartialDeletion1_5"	"Deletion,PartialDeletion1"
NA19189_NYGC	"Deletion,PartialDeletion2"
"Deletion,PartialDeletion2_1"	"Deletion,PartialDeletion2"
"Deletion,PartialDeletion2_2"	"Deletion,PartialDeletion2"
"Deletion,PartialDeletion2_3"	"Deletion,PartialDeletion2"
"Deletion,PartialDeletion2_4"	"Deletion,PartialDeletion2"
"Deletion,PartialDeletion2_5"	"Deletion,PartialDeletion2"
NA20886_NYGC	"Normal,PartialDeletion3"
"Normal,PartialDeletion3_1"	"Normal,PartialDeletion3"
"Normal,PartialDeletion3_2"	"Normal,PartialDeletion3"
"Normal,PartialDeletion3_3"	"Normal,PartialDeletion3"
"Normal,PartialDeletion3_4"	"Normal,PartialDeletion3"
"Normal,PartialDeletion3_5"	"Normal,PartialDeletion3"
NA20849_NYGC	"Normal,PartialDeletion3"
NA20821_NYGC	"Normal,PartialDeletion3"
NA21108_NYGC	"Deletion,PartialDeletion3"
NA21090_NYGC	"Deletion,PartialDeletion3"
"Deletion,PartialDeletion3_1"	"Deletion,PartialDeletion3"
"Deletion,PartialDeletion3_2"	"Deletion,PartialDeletion3"
"Deletion,PartialDeletion3_3"	"Deletion,PartialDeletion3"
"Deletion,PartialDeletion3_4"	"Deletion,PartialDeletion3"
"Deletion,PartialDeletion3_5"	"Deletion,PartialDeletion3"
HG03009_NYGC	"Deletion,PartialDeletion3"
HG03727_NYGC	"Deletion,PartialDeletion3"
HG03896_NYGC	"Deletion,PartialDeletion3"
HG04002_NYGC	"Deletion,PartialDeletion3"
HG04017_NYGC	"Deletion,PartialDeletion3"
HG03743_NYGC	"Normal,PartialDeletion3"
HG03772_NYGC	"Normal,PartialDeletion3"
HG03911_NYGC	"Normal,PartialDeletion3"
HG04006_NYGC	"Normal,PartialDeletion3"
HG02684_NYGC	"Normal,PartialDeletion3"
HG03780_NYGC	"Deletion,PartialDeletion3"
HG04062_NYGC	"Deletion,PartialDeletion3"
HG02778_NYGC	"Normal,PartialDeletion3"
HG04003_NYGC	"Normal,PartialDeletion3"
HG04096_NYGC	"Normal,PartialDeletion3"
HG04158_NYGC	"Normal,PartialDeletion3"
HG03127_NYGC	"Normal,PartialDeletion2"
"Normal,PartialDeletion2_1"	"Normal,PartialDeletion2"
"Normal,PartialDeletion2_2"	"Normal,PartialDeletion2"
"Normal,PartialDeletion2_3"	"Normal,PartialDeletion2"
"Normal,PartialDeletion2_4"	"Normal,PartialDeletion2"
"Normal,PartialDeletion2_5"	"Normal,PartialDeletion2"