	CNV
NA07019_PyPGx	WholeDel1
HG00436_PyPGx	WholeDel1
NA19213_PyPGx	WholeDel1
NA07029_PyPGx	WholeDel1
NA12156_PyPGx	WholeDel1
NA20509_PyPGx	WholeDel1
NA07055_PyPGx	WholeDel1
NA19109_PyPGx	WholeDel1
NA12873_PyPGx	WholeDel1
NA11832_PyPGx	WholeDel1
NA12145_PyPGx	WholeDel1
NA07348_PyPGx	WholeDel1
NA18855_PyPGx	WholeDel1
NA18524_PyPGx	WholeDel1
NA18868_PyPGx	WholeDel1
NA18564_PyPGx	WholeDel1
NA12717_PyPGx	WholeDel1
NA19095_PyPGx	WholeDel1
HG00589_PyPGx	WholeDel1Hom
NA10851_PyPGx	WholeDel1Hom
NA12813_PyPGx	WholeDel1Hom
NA18973_PyPGx	WholeDel1Hom
NA18980_PyPGx	WholeDel1Hom
NA18552_PyPGx	WholeDel1Hom
NA10831_PyPGx	WholeDel1Hom
NA18966_PyPGx	WholeDel1Hom
NA19908_PyPGx	WholeDel1Hom
NA18952_PyPGx	WholeDel1Hom
NA18942_PyPGx	WholeDel1Hom
NA18526_PyPGx	WholeDel1Hom
NA18617_PyPGx	WholeDel1Hom
NA18565_PyPGx	WholeDel1Hom
HG00276_PyPGx	WholeDel1Hom
NA18484_PyPGx	Normal
NA12006_PyPGx	Normal
NA19207_PyPGx	Normal
NA07357_PyPGx	Normal
NA07000_PyPGx	Normal
NA06991_PyPGx	Normal
NA12003_PyPGx	Normal
NA19178_PyPGx	Normal
NA10854_PyPGx	Normal
NA19174_PyPGx	Normal
NA19226_PyPGx	Normal
NA19819_PyPGx	Normal
NA19920_PyPGx	Normal
NA19789_PyPGx	Normal
NA18861_PyPGx	Normal
NA18518_PyPGx	Normal
NA19176_PyPGx	Normal
NA07051_NYGC	WholeDel1
NA19200_NYGC	WholeDel1
NA11830_NYGC	WholeDel1
NA18534_NYGC	WholeDel1
NA18517_NYGC	WholeDel1
NA18948_NYGC	WholeDel1
NA12154_NYGC	WholeDel1
NA12776_NYGC	WholeDel1
NA18870_NYGC	WholeDel1
NA19225_NYGC	WholeDel1
NA12383_NYGC	WholeDel1
NA11995_NYGC	WholeDel1
NA19257_NYGC	WholeDel1
NA18597_NYGC	WholeDel1
NA12045_NYGC	WholeDel1
NA12761_NYGC	WholeDel1
NA12829_NYGC	WholeDel1
NA12043_NYGC	WholeDel1
NA18944_NYGC	WholeDel1
NA12058_NYGC	WholeDel1
NA18573_NYGC	WholeDel1
NA18949_NYGC	WholeDel1
NA19239_NYGC	WholeDel1
NA12155_NYGC	WholeDel1
NA12342_NYGC	WholeDel1
NA07347_NYGC	WholeDel1
NA07056_NYGC	WholeDel1
NA11931_NYGC	WholeDel1
NA12890_NYGC	WholeDel1
NA18871_NYGC	WholeDel1
NA11892_NYGC	WholeDel1
NA12414_NYGC	WholeDel1
NA18960_NYGC	WholeDel1
NA06994_NYGC	WholeDel1
NA18943_NYGC	WholeDel1
NA19147_NYGC	WholeDel1
NA18596_NYGC	WholeDel1
NA12873_NYGC	WholeDel1
NA18858_NYGC	WholeDel1
NA12718_NYGC	WholeDel1
NA11843_NYGC	WholeDel1
NA18564_NYGC	WholeDel1
NA12004_NYGC	WholeDel1
NA11992_NYGC	WholeDel1
NA18945_NYGC	WholeDel1
NA18951_NYGC	WholeDel1
NA12827_NYGC	WholeDel1
NA11832_NYGC	WholeDel1
NA12717_NYGC	WholeDel1
NA18548_NYGC	WholeDel1
NA18572_NYGC	WholeDel1Hom
NA18970_NYGC	WholeDel1Hom
NA12878_NYGC	WholeDel1Hom
NA18953_NYGC	WholeDel1Hom
NA18625_NYGC	WholeDel1Hom
NA18623_NYGC	WholeDel1Hom
NA18532_NYGC	WholeDel1Hom
NA19172_NYGC	WholeDel1Hom
NA18638_NYGC	WholeDel1Hom
NA18976_NYGC	WholeDel1Hom
NA18557_NYGC	WholeDel1Hom
NA18961_NYGC	WholeDel1Hom
NA18563_NYGC	WholeDel1Hom
NA18942_NYGC	WholeDel1Hom
NA18959_NYGC	WholeDel1Hom
NA18617_NYGC	WholeDel1Hom
NA11919_NYGC	WholeDel1Hom
NA18611_NYGC	WholeDel1Hom
NA18967_NYGC	WholeDel1Hom
NA12413_NYGC	WholeDel1Hom
NA18546_NYGC	WholeDel1Hom
NA18971_NYGC	WholeDel1Hom
NA12749_NYGC	WholeDel1Hom
NA18952_NYGC	WholeDel1Hom
NA18624_NYGC	WholeDel1Hom
NA18622_NYGC	WholeDel1Hom
NA12777_NYGC	WholeDel1Hom
NA18562_NYGC	WholeDel1Hom
NA18579_NYGC	WholeDel1Hom
NA18616_NYGC	WholeDel1Hom
NA11918_NYGC	WholeDel1Hom
NA18628_NYGC	WholeDel1Hom
NA11920_NYGC	WholeDel1Hom
NA18547_NYGC	WholeDel1Hom
NA06986_NYGC	WholeDel1Hom
NA18972_NYGC	WholeDel1Hom
NA18570_NYGC	WholeDel1Hom
NA18536_NYGC	WholeDel1Hom
NA18969_NYGC	WholeDel1Hom
NA18627_NYGC	WholeDel1Hom
NA18980_NYGC	WholeDel1Hom
NA18582_NYGC	WholeDel1Hom
NA18619_NYGC	WholeDel1Hom
NA18940_NYGC	WholeDel1Hom
NA18561_NYGC	WholeDel1Hom
NA18615_NYGC	WholeDel1Hom
NA18559_NYGC	WholeDel1Hom
NA18595_NYGC	WholeDel1Hom
NA18613_NYGC	WholeDel1Hom
NA12275_NYGC	WholeDel1Hom
NA12748_NYGC	Normal
NA06984_NYGC	Normal
NA19238_NYGC	Normal
NA18606_NYGC	Normal
NA19129_NYGC	Normal
NA18511_NYGC	Normal
NA18486_NYGC	Normal
NA19206_NYGC	Normal
NA18853_NYGC	Normal
NA11930_NYGC	Normal
NA12249_NYGC	Normal
NA11893_NYGC	Normal
NA12003_NYGC	Normal
NA19138_NYGC	Normal
NA12872_NYGC	Normal
NA18523_NYGC	Normal
NA07000_NYGC	Normal
NA12874_NYGC	Normal
NA07357_NYGC	Normal
NA12283_NYGC	Normal
NA12005_NYGC	Normal
NA18861_NYGC	Normal
NA11831_NYGC	Normal
NA19201_NYGC	Normal
NA06985_NYGC	Normal
NA18550_NYGC	Normal
NA18516_NYGC	Normal
NA12489_NYGC	Normal
NA18510_NYGC	Normal
NA18912_NYGC	Normal
NA19116_NYGC	Normal
NA19207_NYGC	Normal
NA18909_NYGC	Normal
NA19210_NYGC	Normal
NA19190_NYGC	Normal
NA11994_NYGC	Normal
NA12399_NYGC	Normal
NA12760_NYGC	Normal
NA12044_NYGC	Normal
NA18507_NYGC	Normal
NA12144_NYGC	Normal
NA19141_NYGC	Normal
NA18522_NYGC	Normal
NA06989_NYGC	Normal
NA18610_NYGC	Normal
NA12828_NYGC	Normal
NA18501_NYGC	Normal
NA11894_NYGC	Normal
NA12348_NYGC	Normal
NA12282_NYGC	Normal
NA19160_NYGC	WholeDel1+PartialDel1
WholeDel1+PartialDel1_1	WholeDel1+PartialDel1
WholeDel1+PartialDel1_2	WholeDel1+PartialDel1
WholeDel1+PartialDel1_3	WholeDel1+PartialDel1
WholeDel1+PartialDel1_4	WholeDel1+PartialDel1
WholeDel1+PartialDel1_5	WholeDel1+PartialDel1
NA19189_NYGC	WholeDel1+PartialDel2
WholeDel1+PartialDel2_1	WholeDel1+PartialDel2
WholeDel1+PartialDel2_2	WholeDel1+PartialDel2
WholeDel1+PartialDel2_3	WholeDel1+PartialDel2
WholeDel1+PartialDel2_4	WholeDel1+PartialDel2
WholeDel1+PartialDel2_5	WholeDel1+PartialDel2
NA20886_NYGC	PartialDel3
PartialDel3_1	PartialDel3
PartialDel3_2	PartialDel3
PartialDel3_3	PartialDel3
PartialDel3_4	PartialDel3
PartialDel3_5	PartialDel3
NA20849_NYGC	PartialDel3
NA20821_NYGC	PartialDel3
NA21108_NYGC	WholeDel1+PartialDel3
NA21090_NYGC	WholeDel1+PartialDel3
WholeDel1+PartialDel3_1	WholeDel1+PartialDel3
WholeDel1+PartialDel3_2	WholeDel1+PartialDel3
WholeDel1+PartialDel3_3	WholeDel1+PartialDel3
WholeDel1+PartialDel3_4	WholeDel1+PartialDel3
WholeDel1+PartialDel3_5	WholeDel1+PartialDel3
HG03009_NYGC	WholeDel1+PartialDel3
HG03727_NYGC	WholeDel1+PartialDel3
HG03896_NYGC	WholeDel1+PartialDel3
HG04002_NYGC	WholeDel1+PartialDel3
HG04017_NYGC	WholeDel1+PartialDel3
HG03743_NYGC	PartialDel3
HG03772_NYGC	PartialDel3
HG03911_NYGC	PartialDel3
HG04006_NYGC	PartialDel3
HG02684_NYGC	PartialDel3
HG03780_NYGC	WholeDel1+PartialDel3
HG04062_NYGC	WholeDel1+PartialDel3
HG02778_NYGC	PartialDel3
HG04003_NYGC	PartialDel3
HG04096_NYGC	PartialDel3
HG04158_NYGC	PartialDel3
HG03127_NYGC	PartialDel2
PartialDel2_1	PartialDel2
PartialDel2_2	PartialDel2
PartialDel2_3	PartialDel2
PartialDel2_4	PartialDel2
PartialDel2_5	PartialDel2