	Sample	CNV
1	NA10831_PyPGx	DeletionHom
2	NA18564_PyPGx	DeletionHet
3	NA12145_PyPGx	DeletionHet
4	NA18861_PyPGx	Normal
5	HG00436_PyPGx	DeletionHet
6	NA18552_PyPGx	DeletionHom
7	NA07000_PyPGx	Normal
8	NA12006_PyPGx	Normal
9	NA19007_PyPGx	DeletionHom
10	NA19239_PyPGx	DeletionHet
11	NA12156_PyPGx	DeletionHet
12	NA19147_PyPGx	DeletionHet
13	NA19095_PyPGx	DeletionHet
14	NA10854_PyPGx	Normal
15	NA18980_PyPGx	DeletionHom
16	NA19207_PyPGx	Normal
17	NA18526_PyPGx	DeletionHom
18	NA18959_PyPGx	DeletionHom
19	NA06991_PyPGx	Normal
20	NA19109_PyPGx	DeletionHet
21	NA18952_PyPGx	DeletionHom
22	NA19789_PyPGx	Normal
23	HG01190_PyPGx	Normal
24	NA19122_PyPGx	Normal
25	NA19819_PyPGx	Normal
26	NA19213_PyPGx	DeletionHet
27	NA07055_PyPGx	DeletionHet
28	NA19174_PyPGx	Normal
29	NA20509_PyPGx	DeletionHet
30	NA18992_PyPGx	DeletionHom
31	NA18565_PyPGx	DeletionHom
32	NA18524_PyPGx	DeletionHet
33	NA18942_PyPGx	DeletionHom
34	NA11839_PyPGx	DeletionHet
35	NA10851_PyPGx	DeletionHom
36	NA19176_PyPGx	Normal
37	NA18509_PyPGx	Normal
38	NA19226_PyPGx	Normal
39	NA07357_PyPGx	Normal
40	NA07019_PyPGx	DeletionHet
41	NA12873_PyPGx	DeletionHet
42	NA19143_PyPGx	DeletionHet
43	NA10847_PyPGx	Normal
44	NA18518_PyPGx	Normal
45	NA21781_PyPGx	Normal
46	NA07348_PyPGx	DeletionHet
47	NA19003_PyPGx	DeletionHet
48	NA18544_PyPGx	DeletionHom
49	NA18540_PyPGx	DeletionHom
50	NA18966_PyPGx	DeletionHom