	Sample	CNV
1	NA07019_PyPGx	"Normal,Deletion"
2	HG00436_PyPGx	"Normal,Deletion"
3	NA19213_PyPGx	"Normal,Deletion"
4	NA07029_PyPGx	"Normal,Deletion"
5	NA12156_PyPGx	"Normal,Deletion"
6	NA20509_PyPGx	"Normal,Deletion"
7	NA07055_PyPGx	"Normal,Deletion"
8	NA19109_PyPGx	"Normal,Deletion"
9	NA12873_PyPGx	"Normal,Deletion"
10	NA11832_PyPGx	"Normal,Deletion"
11	NA12145_PyPGx	"Normal,Deletion"
12	NA07348_PyPGx	"Normal,Deletion"
13	NA18855_PyPGx	"Normal,Deletion"
14	NA18524_PyPGx	"Normal,Deletion"
15	NA18868_PyPGx	"Normal,Deletion"
16	NA18564_PyPGx	"Normal,Deletion"
17	NA12717_PyPGx	"Normal,Deletion"
18	NA19095_PyPGx	"Normal,Deletion"
19	HG00589_PyPGx	"Deletion,Deletion"
20	NA10851_PyPGx	"Deletion,Deletion"
21	NA12813_PyPGx	"Deletion,Deletion"
22	NA18973_PyPGx	"Deletion,Deletion"
23	NA18980_PyPGx	"Deletion,Deletion"
24	NA18552_PyPGx	"Deletion,Deletion"
25	NA10831_PyPGx	"Deletion,Deletion"
26	NA18966_PyPGx	"Deletion,Deletion"
27	NA19908_PyPGx	"Deletion,Deletion"
28	NA18952_PyPGx	"Deletion,Deletion"
29	NA18942_PyPGx	"Deletion,Deletion"
30	NA18526_PyPGx	"Deletion,Deletion"
31	NA18617_PyPGx	"Deletion,Deletion"
32	NA18565_PyPGx	"Deletion,Deletion"
33	HG00276_PyPGx	"Deletion,Deletion"
34	NA18484_PyPGx	"Normal,Normal"
35	NA12006_PyPGx	"Normal,Normal"
36	NA19207_PyPGx	"Normal,Normal"
37	NA07357_PyPGx	"Normal,Normal"
38	NA07000_PyPGx	"Normal,Normal"
39	NA06991_PyPGx	"Normal,Normal"
40	NA12003_PyPGx	"Normal,Normal"
41	NA19178_PyPGx	"Normal,Normal"
42	NA10854_PyPGx	"Normal,Normal"
43	NA19174_PyPGx	"Normal,Normal"
44	NA19226_PyPGx	"Normal,Normal"
45	NA19819_PyPGx	"Normal,Normal"
46	NA19920_PyPGx	"Normal,Normal"
47	NA19789_PyPGx	"Normal,Normal"
48	NA18861_PyPGx	"Normal,Normal"
49	NA18518_PyPGx	"Normal,Normal"
50	NA19176_PyPGx	"Normal,Normal"
51	NA07051_NYGC	"Normal,Deletion"
52	NA19200_NYGC	"Normal,Deletion"
53	NA11830_NYGC	"Normal,Deletion"
54	NA18534_NYGC	"Normal,Deletion"
55	NA18517_NYGC	"Normal,Deletion"
56	NA18948_NYGC	"Normal,Deletion"
57	NA12154_NYGC	"Normal,Deletion"
58	NA12776_NYGC	"Normal,Deletion"
59	NA18870_NYGC	"Normal,Deletion"
60	NA19225_NYGC	"Normal,Deletion"
61	NA12383_NYGC	"Normal,Deletion"
62	NA11995_NYGC	"Normal,Deletion"
63	NA19257_NYGC	"Normal,Deletion"
64	NA18597_NYGC	"Normal,Deletion"
65	NA12045_NYGC	"Normal,Deletion"
66	NA12761_NYGC	"Normal,Deletion"
67	NA12829_NYGC	"Normal,Deletion"
68	NA12043_NYGC	"Normal,Deletion"
69	NA18944_NYGC	"Normal,Deletion"
70	NA12058_NYGC	"Normal,Deletion"
71	NA18573_NYGC	"Normal,Deletion"
72	NA18949_NYGC	"Normal,Deletion"
73	NA19239_NYGC	"Normal,Deletion"
74	NA12155_NYGC	"Normal,Deletion"
75	NA12342_NYGC	"Normal,Deletion"
76	NA07347_NYGC	"Normal,Deletion"
77	NA07056_NYGC	"Normal,Deletion"
78	NA11931_NYGC	"Normal,Deletion"
79	NA12890_NYGC	"Normal,Deletion"
80	NA18871_NYGC	"Normal,Deletion"
81	NA11892_NYGC	"Normal,Deletion"
82	NA12414_NYGC	"Normal,Deletion"
83	NA18960_NYGC	"Normal,Deletion"
84	NA06994_NYGC	"Normal,Deletion"
85	NA18943_NYGC	"Normal,Deletion"
86	NA19147_NYGC	"Normal,Deletion"
87	NA18596_NYGC	"Normal,Deletion"
88	NA12873_NYGC	"Normal,Deletion"
89	NA18858_NYGC	"Normal,Deletion"
90	NA12718_NYGC	"Normal,Deletion"
91	NA11843_NYGC	"Normal,Deletion"
92	NA18564_NYGC	"Normal,Deletion"
93	NA12004_NYGC	"Normal,Deletion"
94	NA11992_NYGC	"Normal,Deletion"
95	NA18945_NYGC	"Normal,Deletion"
96	NA18951_NYGC	"Normal,Deletion"
97	NA12827_NYGC	"Normal,Deletion"
98	NA11832_NYGC	"Normal,Deletion"
99	NA12717_NYGC	"Normal,Deletion"
100	NA18548_NYGC	"Normal,Deletion"
101	NA18572_NYGC	"Deletion,Deletion"
102	NA18970_NYGC	"Deletion,Deletion"
103	NA12878_NYGC	"Deletion,Deletion"
104	NA18953_NYGC	"Deletion,Deletion"
105	NA18625_NYGC	"Deletion,Deletion"
106	NA18623_NYGC	"Deletion,Deletion"
107	NA18532_NYGC	"Deletion,Deletion"
108	NA19172_NYGC	"Deletion,Deletion"
109	NA18638_NYGC	"Deletion,Deletion"
110	NA18976_NYGC	"Deletion,Deletion"
111	NA18557_NYGC	"Deletion,Deletion"
112	NA18961_NYGC	"Deletion,Deletion"
113	NA18563_NYGC	"Deletion,Deletion"
114	NA18942_NYGC	"Deletion,Deletion"
115	NA18959_NYGC	"Deletion,Deletion"
116	NA18617_NYGC	"Deletion,Deletion"
117	NA11919_NYGC	"Deletion,Deletion"
118	NA18611_NYGC	"Deletion,Deletion"
119	NA18967_NYGC	"Deletion,Deletion"
120	NA12413_NYGC	"Deletion,Deletion"
121	NA18546_NYGC	"Deletion,Deletion"
122	NA18971_NYGC	"Deletion,Deletion"
123	NA12749_NYGC	"Deletion,Deletion"
124	NA18952_NYGC	"Deletion,Deletion"
125	NA18624_NYGC	"Deletion,Deletion"
126	NA18622_NYGC	"Deletion,Deletion"
127	NA12777_NYGC	"Deletion,Deletion"
128	NA18562_NYGC	"Deletion,Deletion"
129	NA18579_NYGC	"Deletion,Deletion"
130	NA18616_NYGC	"Deletion,Deletion"
131	NA11918_NYGC	"Deletion,Deletion"
132	NA18628_NYGC	"Deletion,Deletion"
133	NA11920_NYGC	"Deletion,Deletion"
134	NA18547_NYGC	"Deletion,Deletion"
135	NA06986_NYGC	"Deletion,Deletion"
136	NA18972_NYGC	"Deletion,Deletion"
137	NA18570_NYGC	"Deletion,Deletion"
138	NA18536_NYGC	"Deletion,Deletion"
139	NA18969_NYGC	"Deletion,Deletion"
140	NA18627_NYGC	"Deletion,Deletion"
141	NA18980_NYGC	"Deletion,Deletion"
142	NA18582_NYGC	"Deletion,Deletion"
143	NA18619_NYGC	"Deletion,Deletion"
144	NA18940_NYGC	"Deletion,Deletion"
145	NA18561_NYGC	"Deletion,Deletion"
146	NA18615_NYGC	"Deletion,Deletion"
147	NA18559_NYGC	"Deletion,Deletion"
148	NA18595_NYGC	"Deletion,Deletion"
149	NA18613_NYGC	"Deletion,Deletion"
150	NA12275_NYGC	"Deletion,Deletion"
151	NA12748_NYGC	"Normal,Normal"
152	NA06984_NYGC	"Normal,Normal"
153	NA19238_NYGC	"Normal,Normal"
154	NA18606_NYGC	"Normal,Normal"
155	NA19129_NYGC	"Normal,Normal"
156	NA18511_NYGC	"Normal,Normal"
157	NA18486_NYGC	"Normal,Normal"
158	NA19206_NYGC	"Normal,Normal"
159	NA18853_NYGC	"Normal,Normal"
160	NA11930_NYGC	"Normal,Normal"
161	NA12249_NYGC	"Normal,Normal"
162	NA11893_NYGC	"Normal,Normal"
163	NA12003_NYGC	"Normal,Normal"
164	NA19138_NYGC	"Normal,Normal"
165	NA12872_NYGC	"Normal,Normal"
166	NA18523_NYGC	"Normal,Normal"
167	NA07000_NYGC	"Normal,Normal"
168	NA12874_NYGC	"Normal,Normal"
169	NA07357_NYGC	"Normal,Normal"
170	NA12283_NYGC	"Normal,Normal"
171	NA12005_NYGC	"Normal,Normal"
172	NA18861_NYGC	"Normal,Normal"
173	NA11831_NYGC	"Normal,Normal"
174	NA19201_NYGC	"Normal,Normal"
175	NA06985_NYGC	"Normal,Normal"
176	NA18550_NYGC	"Normal,Normal"
177	NA18516_NYGC	"Normal,Normal"
178	NA12489_NYGC	"Normal,Normal"
179	NA18510_NYGC	"Normal,Normal"
180	NA18912_NYGC	"Normal,Normal"
181	NA19116_NYGC	"Normal,Normal"
182	NA19207_NYGC	"Normal,Normal"
183	NA18909_NYGC	"Normal,Normal"
184	NA19210_NYGC	"Normal,Normal"
185	NA19190_NYGC	"Normal,Normal"
186	NA11994_NYGC	"Normal,Normal"
187	NA12399_NYGC	"Normal,Normal"
188	NA12760_NYGC	"Normal,Normal"
189	NA12044_NYGC	"Normal,Normal"
190	NA18507_NYGC	"Normal,Normal"
191	NA12144_NYGC	"Normal,Normal"
192	NA19141_NYGC	"Normal,Normal"
193	NA18522_NYGC	"Normal,Normal"
194	NA06989_NYGC	"Normal,Normal"
195	NA18610_NYGC	"Normal,Normal"
196	NA12828_NYGC	"Normal,Normal"
197	NA18501_NYGC	"Normal,Normal"
198	NA11894_NYGC	"Normal,Normal"
199	NA12348_NYGC	"Normal,Normal"
200	NA12282_NYGC	"Normal,Normal"
201	NA19160_NYGC	"Deletion,PartialDeletion1"
202	"Deletion,PartialDeletion1_1"	"Deletion,PartialDeletion1"
203	"Deletion,PartialDeletion1_2"	"Deletion,PartialDeletion1"
204	"Deletion,PartialDeletion1_3"	"Deletion,PartialDeletion1"
205	"Deletion,PartialDeletion1_4"	"Deletion,PartialDeletion1"
206	"Deletion,PartialDeletion1_5"	"Deletion,PartialDeletion1"
207	NA19189_NYGC	"Deletion,PartialDeletion2"
208	"Deletion,PartialDeletion2_1"	"Deletion,PartialDeletion2"
209	"Deletion,PartialDeletion2_2"	"Deletion,PartialDeletion2"
210	"Deletion,PartialDeletion2_3"	"Deletion,PartialDeletion2"
211	"Deletion,PartialDeletion2_4"	"Deletion,PartialDeletion2"
212	"Deletion,PartialDeletion2_5"	"Deletion,PartialDeletion2"