	Sample	CNV
1	021ab129bb594be5804b02e08e14d93d	Normal
2	03bc76a2c27140bc8143c56767ca6877	Normal
3	0b7cc95044c54d86a81151d856d0c5b2	Normal
4	11a1c7b37a63449f9bc65799567b5710	Normal
5	141390df39414eaaaa9725a8349d9c45	Normal
6	20aaa40fcdee4290bfada8dbba5e5232	Normal
7	20b87673c1224e9db8bdbbe82899309c	Normal
8	20be9cf6bed64502b85c999ec59c784b	Normal
9	2176d8cef950450bbb29052359a2d2d1	Normal
10	22d9ea3d16804243afbfea7e776c5237	Normal
11	28997710cbae49f5996f6075fcbf74bd	Normal
12	2c9f234af49b4f6a970d8ddef07358e5	Normal
13	316ab006177d41b484982d7fa4d851ad	Normal
14	34b739132d0e403d9aa323b1c3edf12a	Normal
15	3959a73552a04f969d37a04dc869c7a9	Normal
16	3a7ec2f78f3c40df98248d3ba1354a20	Normal
17	3ddccd4bcda14140b3e89559d2cf3186	Normal
18	f00e1071f840476c9872de73f0ea8a02	Normal
19	f52c133442ca4f93a47b689fc385b1f5	Normal
20	dfe4ba40717d4891a12ec2c856de671f	Normal
21	0d73bafef55a4a718489f3fdca91fd55	Intron1Deletion
22	75331ab394f24d56ac73cee5d41fa15b	Normal
23	db923feb258241b8b0a3e3aaada9359b	Normal
24	2b0b4c79e8104ed98ef5cc82d9ca8bd2	Normal
25	3fcca708192c4ffe8e57318c7d64e480	Normal
26	4323a15d7b5d4bf2b204e0c0088ba923	Normal
27	45e24be4dc7d4cb3a2742ce7c05730e8	Normal
28	543558ae08cd44b3850fc7b835484037	Intron1Deletion
29	54db734bc1ec46b29fc6c5c6df35ca65	Normal
30	5bb329dcb3654e8890985547e82135f6	Normal
31	5d81e03c86324f209c69093ddf77bb62	Normal
32	5f006ec8ba3c41a18d9ff92c0a62955a	Normal
33	6320750d96f747b695f78964df1fad17	Normal
34	69335e244b5f46e5b56e5360f8f826b7	Normal
35	69d7b11affce444694e9955b90848028	Normal
36	7866e1bc7fdc4304863db4a25d1a42e4	Normal
37	7a29e8a53b6844ddbb42aa165b34fba3	Normal
38	7a94709935ea412e8b7349828beaf338	Normal
39	7d077b89f2514fb0b8e002f8d9a10189	Normal
40	7fdcb4bdabe743feb4abc155bc580b82	Normal
41	82b808e2886a42f986da3ba811dbeaa4	Normal
42	8f90214c429f4afc9e0da555cb77f89a	Intron1Deletion
43	92ac6fc0f69345aabb9e7bd47452ed70	Normal
44	932a3f4c888844c39399f1cfdf2bc593	Normal
45	9e01734a352a41f89266c2ae8c9c13de	Normal
46	9e3dcdd083ad40dd82fab180a916fb77	Normal
47	a04f109738f34a358850f5f69d7d8814	Normal
48	a284eb8f85e54b0ba3c45e30e91a33a1	Normal
49	a9963d642c584dfab81f5ae694208390	Normal
50	b462b7941e0642309d5d44e7aae6d42f	Normal