	CNV
NA18855_PyPGx	Intron9Deletion
NA18564_PyPGx	Normal
NA12145_PyPGx	Normal
NA18861_PyPGx	Normal
HG00436_PyPGx	Normal
NA18552_PyPGx	Normal
NA07000_PyPGx	Normal
NA12006_PyPGx	Normal
NA19007_PyPGx	Normal
NA19239_PyPGx	Normal
NA12156_PyPGx	Normal
NA19147_PyPGx	Normal
NA19095_PyPGx	Normal
NA10854_PyPGx	Normal
NA18980_PyPGx	Normal
NA19207_PyPGx	Normal
NA18526_PyPGx	Normal
NA18959_PyPGx	Normal
NA06991_PyPGx	Normal
NA19109_PyPGx	Normal
NA18952_PyPGx	Normal
NA19789_PyPGx	Normal
HG01190_PyPGx	Normal
NA19122_PyPGx	Normal
NA19819_PyPGx	Exon11Deletion
NA19213_PyPGx	Normal
NA07055_PyPGx	Normal
NA19174_PyPGx	Normal
NA20509_PyPGx	Normal
NA18992_PyPGx	Normal
NA18565_PyPGx	Normal
NA18524_PyPGx	Normal
NA18942_PyPGx	Normal
NA11839_PyPGx	Normal
NA10851_PyPGx	Normal
NA19176_PyPGx	Intron9Deletion
NA18509_PyPGx	Intron9Deletion
NA19226_PyPGx	Exon11Deletion
NA07357_PyPGx	Normal
NA07019_PyPGx	Normal
NA12873_PyPGx	Normal
NA19143_PyPGx	Normal
NA10847_PyPGx	Normal
NA18518_PyPGx	Normal
NA21781_PyPGx	Normal
NA07348_PyPGx	Normal
NA19003_PyPGx	Normal
NA18544_PyPGx	Normal
NA18540_PyPGx	Normal
NA18966_PyPGx	Normal
Exon11Deletion_1	Exon11Deletion
Exon11Deletion_2	Exon11Deletion
Intron9Deletion_1	Intron9Deletion
Intron9Deletion_2	Intron9Deletion
NA18923_NYGC	Exon11Deletion
NA19035_NYGC	Exon11Deletion
NA19041_NYGC	Exon11Deletion
NA19096_NYGC	Exon11Deletion
NA19318_NYGC	Exon11Deletion
NA19338_NYGC	Exon11Deletion
NA19404_NYGC	Exon11Deletion
NA19391_NYGC	Exon11Deletion
NA19027_NYGC	Intron9Deletion
NA19042_NYGC	Intron9Deletion
NA19121_NYGC	Intron9Deletion
NA19130_NYGC	Intron9Deletion
NA19197_NYGC	Intron9Deletion
NA19307_NYGC	Intron9Deletion
NA19310_NYGC	Intron9Deletion
NA19332_NYGC	Intron9Deletion
NA19360_NYGC	Intron9Deletion
NA19377_NYGC	Intron9Deletion
NA19429_NYGC	Intron9Deletion
NA19457_NYGC	Intron9Deletion
NA07048_NYGC	Normal
NA11932_NYGC	Normal
NA11933_NYGC	Normal
NA12046_NYGC	Normal
NA18525_NYGC	Normal
NA18528_NYGC	Normal
NA18531_NYGC	Normal
NA18533_NYGC	Normal
NA18535_NYGC	Normal
NA18538_NYGC	Normal
NA18539_NYGC	Normal
NA18541_NYGC	Normal
NA18553_NYGC	Normal
NA18560_NYGC	Normal
NA18565_NYGC	Normal
NA18567_NYGC	Normal
NA18574_NYGC	Normal
NA18591_NYGC	Normal
NA19030_NYGC	"Intron9Deletion,Exon11Deletion"
"Intron9Deletion,Exon11Deletion_1"	"Intron9Deletion,Exon11Deletion"
"Intron9Deletion,Exon11Deletion_2"	"Intron9Deletion,Exon11Deletion"
"Intron9Deletion,Exon11Deletion_3"	"Intron9Deletion,Exon11Deletion"
"Intron9Deletion,Exon11Deletion_4"	"Intron9Deletion,Exon11Deletion"
"Intron9Deletion,Exon11Deletion_5"	"Intron9Deletion,Exon11Deletion"
NA19468_NYGC	Exon11Deletion
NA19819_NYGC	Exon11Deletion
NA20332_NYGC	Exon11Deletion
NA20289_NYGC	Intron9Deletion
NA20813_NYGC	PartialDuplication
PartialDuplication_1	PartialDuplication
PartialDuplication_2	PartialDuplication
PartialDuplication_3	PartialDuplication
PartialDuplication_4	PartialDuplication
PartialDuplication_5	PartialDuplication
HG01171_NYGC	Exon11Deletion
HG01242_NYGC	Exon11Deletion
HG01933_NYGC	Exon11Deletion
HG01495_NYGC	Intron9Deletion
HG02477_NYGC	Intron9Deletion
HG03117_NYGC	Exon11Deletion
HG02771_NYGC	Intron9Deletion
HG02970_NYGC	Intron9Deletion
HG02976_NYGC	Intron9Deletion
HG03081_NYGC	Intron9Deletion
HG03115_NYGC	Intron9Deletion
HG03118_NYGC	Intron9Deletion
HG03135_NYGC	Intron9Deletion
HG03195_NYGC	Intron9Deletion
HG03301_NYGC	Intron9Deletion
HG03370_NYGC	Intron9Deletion
HG02339_NYGC	Exon11Deletion
HG02013_NYGC	Intron9Deletion
HG02281_NYGC	Intron9Deletion
HG02283_NYGC	Intron9Deletion
HG02286_NYGC	Intron9Deletion
HG02445_NYGC	Intron9Deletion
HG02470_NYGC	Intron9Deletion
HG02620_NYGC	Intron9Deletion
HG02337_NYGC	Intron9DeletionHom
Intron9DeletionHom_1	Intron9DeletionHom
Intron9DeletionHom_2	Intron9DeletionHom
Intron9DeletionHom_3	Intron9DeletionHom
Intron9DeletionHom_4	Intron9DeletionHom
Intron9DeletionHom_5	Intron9DeletionHom
HG02941_NYGC	Intron9Deletion
HG03190_NYGC	Intron9Deletion
HG03202_NYGC	Intron9Deletion
HG03298_NYGC	Intron9Deletion
HG03311_NYGC	Intron9Deletion