	CNV
NA18855_PyPGx	NoncodingDel1
NA18564_PyPGx	Normal
NA12145_PyPGx	Normal
NA18861_PyPGx	Normal
HG00436_PyPGx	Normal
NA18552_PyPGx	Normal
NA07000_PyPGx	Normal
NA12006_PyPGx	Normal
NA19007_PyPGx	Normal
NA19239_PyPGx	Normal
NA12156_PyPGx	Normal
NA19147_PyPGx	Normal
NA19095_PyPGx	Normal
NA10854_PyPGx	Normal
NA18980_PyPGx	Normal
NA19207_PyPGx	Normal
NA18526_PyPGx	Normal
NA18959_PyPGx	Normal
NA06991_PyPGx	Normal
NA19109_PyPGx	Normal
NA18952_PyPGx	Normal
NA19789_PyPGx	Normal
HG01190_PyPGx	Normal
NA19122_PyPGx	Normal
NA19819_PyPGx	PartialDel1
NA19213_PyPGx	Normal
NA07055_PyPGx	Normal
NA19174_PyPGx	Normal
NA20509_PyPGx	Normal
NA18992_PyPGx	Normal
NA18565_PyPGx	Normal
NA18524_PyPGx	Normal
NA18942_PyPGx	Normal
NA11839_PyPGx	Normal
NA10851_PyPGx	Normal
NA19176_PyPGx	NoncodingDel1
NA18509_PyPGx	NoncodingDel1
NA19226_PyPGx	PartialDel1
NA07357_PyPGx	Normal
NA07019_PyPGx	Normal
NA12873_PyPGx	Normal
NA19143_PyPGx	Normal
NA10847_PyPGx	Normal
NA18518_PyPGx	Normal
NA21781_PyPGx	Normal
NA07348_PyPGx	Normal
NA19003_PyPGx	Normal
NA18544_PyPGx	Normal
NA18540_PyPGx	Normal
NA18966_PyPGx	Normal
PartialDel1_1	PartialDel1
PartialDel1_2	PartialDel1
NoncodingDel1_1	NoncodingDel1
NoncodingDel1_2	NoncodingDel1
NA18923_NYGC	PartialDel1
NA19035_NYGC	PartialDel1
NA19041_NYGC	PartialDel1
NA19096_NYGC	PartialDel1
NA19318_NYGC	PartialDel1
NA19338_NYGC	PartialDel1
NA19404_NYGC	PartialDel1
NA19391_NYGC	PartialDel1
NA19027_NYGC	NoncodingDel1
NA19042_NYGC	NoncodingDel1
NA19121_NYGC	NoncodingDel1
NA19130_NYGC	NoncodingDel1
NA19197_NYGC	NoncodingDel1
NA19307_NYGC	NoncodingDel1
NA19310_NYGC	NoncodingDel1
NA19332_NYGC	NoncodingDel1
NA19360_NYGC	NoncodingDel1
NA19377_NYGC	NoncodingDel1
NA19429_NYGC	NoncodingDel1
NA19457_NYGC	NoncodingDel1
NA07048_NYGC	Normal
NA11932_NYGC	Normal
NA11933_NYGC	Normal
NA12046_NYGC	Normal
NA18525_NYGC	Normal
NA18528_NYGC	Normal
NA18531_NYGC	Normal
NA18533_NYGC	Normal
NA18535_NYGC	Normal
NA18538_NYGC	Normal
NA18539_NYGC	Normal
NA18541_NYGC	Normal
NA18553_NYGC	Normal
NA18560_NYGC	Normal
NA18565_NYGC	Normal
NA18567_NYGC	Normal
NA18574_NYGC	Normal
NA18591_NYGC	Normal
NA19030_NYGC	NoncodingDel1+PartialDel1
NoncodingDel1+PartialDel1_1	NoncodingDel1+PartialDel1
NoncodingDel1+PartialDel1_2	NoncodingDel1+PartialDel1
NoncodingDel1+PartialDel1_3	NoncodingDel1+PartialDel1
NoncodingDel1+PartialDel1_4	NoncodingDel1+PartialDel1
NoncodingDel1+PartialDel1_5	NoncodingDel1+PartialDel1
NA19468_NYGC	PartialDel1
NA19819_NYGC	PartialDel1
NA20332_NYGC	PartialDel1
NA20289_NYGC	NoncodingDel1
NA20813_NYGC	PartialDup1
PartialDup1_1	PartialDup1
PartialDup1_2	PartialDup1
PartialDup1_3	PartialDup1
PartialDup1_4	PartialDup1
PartialDup1_5	PartialDup1
HG01171_NYGC	PartialDel1
HG01242_NYGC	PartialDel1
HG01933_NYGC	PartialDel1
HG01495_NYGC	NoncodingDel1
HG02477_NYGC	NoncodingDel1
HG03117_NYGC	PartialDel1
HG02771_NYGC	NoncodingDel1
HG02970_NYGC	NoncodingDel1
HG02976_NYGC	NoncodingDel1
HG03081_NYGC	NoncodingDel1
HG03115_NYGC	NoncodingDel1
HG03118_NYGC	NoncodingDel1
HG03135_NYGC	NoncodingDel1
HG03195_NYGC	NoncodingDel1
HG03301_NYGC	NoncodingDel1
HG03370_NYGC	NoncodingDel1
HG02339_NYGC	PartialDel1
HG02013_NYGC	NoncodingDel1
HG02281_NYGC	NoncodingDel1
HG02283_NYGC	NoncodingDel1
HG02286_NYGC	NoncodingDel1
HG02445_NYGC	NoncodingDel1
HG02470_NYGC	NoncodingDel1
HG02620_NYGC	NoncodingDel1
HG02337_NYGC	NoncodingDel1Hom
NoncodingDel1Hom_1	NoncodingDel1Hom
NoncodingDel1Hom_2	NoncodingDel1Hom
NoncodingDel1Hom_3	NoncodingDel1Hom
NoncodingDel1Hom_4	NoncodingDel1Hom
NoncodingDel1Hom_5	NoncodingDel1Hom
HG02941_NYGC	NoncodingDel1
HG03190_NYGC	NoncodingDel1
HG03202_NYGC	NoncodingDel1
HG03298_NYGC	NoncodingDel1
HG03311_NYGC	NoncodingDel1